pay_date,producttitle,productType,revenue,paymenttype,Source,user_type
02.04.2022,Продукт 1,Тип 1,1530,покупка,None,old
02.04.2022,Продукт 4,Тип 1,3315,покупка,Ютуб,new
02.04.2022,Продукт 6,Тип 2,7170,покупка,None,old
02.04.2022,Продукт 7,Тип 3,12000,в подарок,None,new
02.04.2022,Продукт 8,Тип 3,12800,в подарок,None,new
02.04.2022,Продукт 9,Тип 3,11600,в подарок,None,new
02.04.2022,Продукт 9,Тип 3,2800,в подарок,None,old
02.04.2022,Продукт 12,Тип 1,7140,покупка,None,new
02.04.2022,Продукт 12,Тип 1,1530,покупка,None,old
02.04.2022,Продукт 12,Тип 1,3570,покупка,Телеграм,old
02.04.2022,Продукт 13,Тип 2,3200,покупка,None,old
02.04.2022,Продукт 13,Тип 2,2275,покупка,Телеграм,new
02.04.2022,Продукт 14,Тип 4,1860,покупка,Блогер,new
02.04.2022,Продукт 15,Тип 4,1050,покупка,Телеграм,old
02.04.2022,Продукт 16,Тип 2,4960,покупка,None,old
02.04.2022,Продукт 17,Тип 2,2015,покупка,Ютуб,old
02.04.2022,Продукт 18,Тип 1,3060,в подарок,None,new
02.04.2022,Продукт 18,Тип 1,3060,в подарок,Блогер,new
02.04.2022,Продукт 18,Тип 1,12240,покупка,Блогер,new
02.04.2022,Продукт 23,Тип 1,19680,в подарок,None,new
02.04.2022,Продукт 24,Тип 2,7920,покупка,None,new
02.04.2022,Продукт 26,Тип 5,15555,покупка,None,old
02.04.2022,Продукт 27,Тип 2,4340,покупка,None,new
02.04.2022,Продукт 28,Тип 5,4080,покупка,None,new
02.04.2022,Продукт 28,Тип 5,4080,покупка,None,old
02.04.2022,Продукт 28,Тип 5,9945,покупка,Ютуб,new
02.04.2022,Продукт 28,Тип 5,3315,покупка,Ютуб,old
02.04.2022,Продукт 28,Тип 5,6630,покупка,Телеграм,new
02.04.2022,Продукт 28,Тип 5,6630,покупка,Телеграм,old
02.04.2022,Продукт 29,Тип 2,530,покупка,None,old
02.04.2022,Продукт 29,Тип 2,2170,покупка,Телеграм,old
02.04.2022,Продукт 60,Тип 2,2450,покупка,Телеграм,old
02.04.2022,Продукт 31,Тип 1,2730,покупка,None,old
02.04.2022,Продукт 68,Тип 4,2000,покупка,None,old
02.04.2022,Продукт 32,Тип 6,18000,покупка,None,new
02.04.2022,Продукт 32,Тип 6,10800,покупка,Блогер,new
02.04.2022,Продукт 34,Тип 2,2795,покупка,Ютуб,new
02.04.2022,Продукт 34,Тип 2,2580,покупка,Лидген,new
02.04.2022,Продукт 34,Тип 2,3010,покупка,Телеграм,old
02.04.2022,Продукт 39,Тип 5,2275,в подарок,Ютуб,new
02.04.2022,Продукт 39,Тип 5,22750,покупка,Ютуб,new
02.04.2022,Продукт 39,Тип 5,6825,покупка,Телеграм,new
02.04.2022,Продукт 39,Тип 5,4550,покупка,Телеграм,old
03.04.2022,Продукт 1,Тип 1,3570,покупка,None,new
03.04.2022,Продукт 3,Тип 2,4080,в подарок,None,new
03.04.2022,Продукт 3,Тип 2,4080,покупка,None,old
03.04.2022,Продукт 4,Тип 1,3315,в подарок,Ютуб,old
03.04.2022,Продукт 4,Тип 1,3315,покупка,Ютуб,new
03.04.2022,Продукт 5,Тип 7,4410,в подарок,None,new
03.04.2022,Продукт 5,Тип 7,9450,покупка,None,new
03.04.2022,Продукт 6,Тип 2,5040,в подарок,None,new
03.04.2022,Продукт 7,Тип 3,12000,в подарок,None,new
03.04.2022,Продукт 7,Тип 3,6000,в подарок,None,old
03.04.2022,Продукт 8,Тип 3,5600,в подарок,None,new
03.04.2022,Продукт 9,Тип 3,1600,в подарок,None,new
03.04.2022,Продукт 11,Тип 2,2450,покупка,None,new
03.04.2022,Продукт 11,Тип 2,2800,покупка,None,old
03.04.2022,Продукт 47,Тип 7,3430,покупка,None,new
03.04.2022,Продукт 13,Тип 2,1225,в подарок,Телеграм,new
03.04.2022,Продукт 16,Тип 2,4960,покупка,None,old
03.04.2022,Продукт 17,Тип 2,1085,в подарок,Телеграм,new
03.04.2022,Продукт 17,Тип 2,170,покупка,None,old
03.04.2022,Продукт 18,Тип 1,21420,покупка,Блогер,new
03.04.2022,Продукт 20,Тип 1,4080,покупка,None,old
03.04.2022,Продукт 21,Тип 5,1085,в подарок,Телеграм,new
03.04.2022,Продукт 22,Тип 1,3570,покупка,None,new
03.04.2022,Продукт 25,Тип 7,5760,покупка,None,old
03.04.2022,Продукт 25,Тип 7,4680,покупка,Ютуб,new
03.04.2022,Продукт 26,Тип 5,4080,покупка,None,old
03.04.2022,Продукт 27,Тип 2,2170,покупка,None,new
03.04.2022,Продукт 27,Тип 2,2480,покупка,None,old
03.04.2022,Продукт 28,Тип 5,19890,покупка,Ютуб,new
03.04.2022,Продукт 28,Тип 5,6630,покупка,Ютуб,old
03.04.2022,Продукт 28,Тип 5,6630,покупка,Телеграм,new
03.04.2022,Продукт 28,Тип 5,6630,покупка,Телеграм,old
03.04.2022,Продукт 29,Тип 2,4960,покупка,None,new
03.04.2022,Продукт 29,Тип 2,76880,покупка,None,old
03.04.2022,Продукт 31,Тип 1,3250,покупка,None,old
03.04.2022,Продукт 32,Тип 6,10800,покупка,None,new
03.04.2022,Продукт 33,Тип 2,780,покупка,None,old
03.04.2022,Продукт 34,Тип 2,1505,в подарок,Телеграм,new
03.04.2022,Продукт 34,Тип 2,1010,покупка,None,old
03.04.2022,Продукт 34,Тип 2,2795,покупка,Ютуб,old
03.04.2022,Продукт 35,Тип 2,2690,покупка,None,old
03.04.2022,Продукт 36,Тип 4,2450,покупка,None,new
03.04.2022,Продукт 37,Тип 4,2480,в подарок,None,new
03.04.2022,Продукт 39,Тип 5,2800,в подарок,None,old
03.04.2022,Продукт 39,Тип 5,1225,в подарок,Телеграм,new
03.04.2022,Продукт 39,Тип 5,10500,покупка,None,new
03.04.2022,Продукт 39,Тип 5,54600,покупка,None,old
03.04.2022,Продукт 39,Тип 5,45500,покупка,Ютуб,new
03.04.2022,Продукт 39,Тип 5,6825,покупка,Ютуб,old
03.04.2022,Продукт 39,Тип 5,2275,покупка,Телеграм,new
03.04.2022,Продукт 39,Тип 5,2275,покупка,Телеграм,old
04.04.2022,Продукт 40,Тип 1,784,покупка,None,old
04.04.2022,Продукт 3,Тип 2,1728,покупка,None,old
04.04.2022,Продукт 3,Тип 2,2295,покупка,Ютуб,old
04.04.2022,Продукт 4,Тип 1,5100,покупка,None,new
04.04.2022,Продукт 41,Тип 4,1560,покупка,Блогер,old
04.04.2022,Продукт 6,Тип 2,3465,покупка,Телеграм,old
04.04.2022,Продукт 42,Тип 4,108,покупка,None,old
04.04.2022,Продукт 7,Тип 3,5600,в подарок,None,new
04.04.2022,Продукт 7,Тип 3,6000,в подарок,None,old
04.04.2022,Продукт 8,Тип 3,3600,в подарок,None,new
04.04.2022,Продукт 9,Тип 3,8160,в подарок,None,new
04.04.2022,Продукт 9,Тип 3,3600,в подарок,None,old
04.04.2022,Продукт 10,Тип 4,1400,покупка,None,new
04.04.2022,Продукт 11,Тип 2,84,покупка,None,old
04.04.2022,Продукт 11,Тип 2,2450,покупка,Реклама,old
04.04.2022,Продукт 43,Тип 4,3120,в подарок,None,new
04.04.2022,Продукт 12,Тип 1,2040,покупка,None,new
04.04.2022,Продукт 12,Тип 1,4454,покупка,None,old
04.04.2022,Продукт 46,Тип 4,108,покупка,None,old
04.04.2022,Продукт 13,Тип 2,2100,покупка,None,new
04.04.2022,Продукт 13,Тип 2,2275,покупка,Ютуб,old
04.04.2022,Продукт 14,Тип 4,4030,покупка,None,old
04.04.2022,Продукт 50,Тип 4,620,покупка,None,new
04.04.2022,Продукт 18,Тип 1,6120,покупка,None,new
04.04.2022,Продукт 22,Тип 1,884,покупка,None,old
04.04.2022,Продукт 23,Тип 1,9840,в подарок,None,old
04.04.2022,Продукт 27,Тип 2,2480,покупка,None,old
04.04.2022,Продукт 27,Тип 2,3720,покупка,Блогер,new
04.04.2022,Продукт 27,Тип 2,1860,покупка,Блогер,old
04.04.2022,Продукт 27,Тип 2,2015,покупка,Ютуб,new
04.04.2022,Продукт 27,Тип 2,4030,покупка,Ютуб,old
04.04.2022,Продукт 27,Тип 2,2015,покупка,Телеграм,new
04.04.2022,Продукт 27,Тип 2,4030,покупка,Телеграм,old
04.04.2022,Продукт 51,Тип 4,108,покупка,None,old
04.04.2022,Продукт 51,Тип 4,775,покупка,Ютуб,old
04.04.2022,Продукт 52,Тип 4,2340,в подарок,None,new
04.04.2022,Продукт 52,Тип 4,2730,покупка,None,new
04.04.2022,Продукт 52,Тип 4,975,покупка,Ютуб,old
04.04.2022,Продукт 28,Тип 5,4080,покупка,None,old
04.04.2022,Продукт 28,Тип 5,33150,покупка,Ютуб,new
04.04.2022,Продукт 28,Тип 5,9945,покупка,Ютуб,old
04.04.2022,Продукт 28,Тип 5,6630,покупка,Телеграм,new
04.04.2022,Продукт 29,Тип 2,2480,покупка,None,new
04.04.2022,Продукт 29,Тип 2,22514,покупка,None,old
04.04.2022,Продукт 29,Тип 2,3720,покупка,Телеграм,old
04.04.2022,Продукт 30,Тип 4,2480,покупка,None,old
04.04.2022,Продукт 30,Тип 4,775,покупка,Ютуб,old
04.04.2022,Продукт 31,Тип 1,9000,покупка,None,new
04.04.2022,Продукт 31,Тип 1,12000,покупка,None,old
04.04.2022,Продукт 31,Тип 1,4125,покупка,Телеграм,old
04.04.2022,Продукт 32,Тип 6,10800,покупка,None,new
04.04.2022,Продукт 32,Тип 6,18000,покупка,None,old
04.04.2022,Продукт 34,Тип 2,3440,покупка,None,new
04.04.2022,Продукт 34,Тип 2,4338,покупка,None,old
04.04.2022,Продукт 56,Тип 4,3060,покупка,None,new
04.04.2022,Продукт 36,Тип 4,3430,покупка,None,old
04.04.2022,Продукт 37,Тип 4,1860,покупка,None,old
04.04.2022,Продукт 39,Тип 5,32200,покупка,None,old
04.04.2022,Продукт 39,Тип 5,2275,покупка,Ютуб,new
04.04.2022,Продукт 39,Тип 5,6825,покупка,Ютуб,old
04.04.2022,Продукт 39,Тип 5,2275,покупка,Телеграм,old
05.04.2022,Продукт 4,Тип 1,3060,в подарок,None,new
05.04.2022,Продукт 4,Тип 1,3060,покупка,Блогер,new
05.04.2022,Продукт 4,Тип 1,3060,покупка,Блогер,old
05.04.2022,Продукт 6,Тип 2,4095,покупка,Телеграм,old
05.04.2022,Продукт 42,Тип 4,2480,покупка,None,old
05.04.2022,Продукт 7,Тип 3,7520,в подарок,None,new
05.04.2022,Продукт 9,Тип 3,6400,в подарок,None,new
05.04.2022,Продукт 11,Тип 2,12950,покупка,None,new
05.04.2022,Продукт 11,Тип 2,56000,покупка,None,old
05.04.2022,Продукт 43,Тип 4,3120,покупка,None,new
05.04.2022,Продукт 45,Тип 1,540,в подарок,None,new
05.04.2022,Продукт 12,Тип 1,8160,покупка,None,new
05.04.2022,Продукт 12,Тип 1,4080,покупка,None,old
05.04.2022,Продукт 13,Тип 2,2800,покупка,None,old
05.04.2022,Продукт 13,Тип 2,2275,покупка,Ютуб,new
05.04.2022,Продукт 13,Тип 2,9100,покупка,Телеграм,old
05.04.2022,Продукт 16,Тип 2,2170,покупка,None,old
05.04.2022,Продукт 17,Тип 2,4960,покупка,None,new
05.04.2022,Продукт 17,Тип 2,24800,покупка,None,old
05.04.2022,Продукт 17,Тип 2,2015,покупка,Ютуб,new
05.04.2022,Продукт 17,Тип 2,2015,покупка,Телеграм,old
05.04.2022,Продукт 18,Тип 1,8160,покупка,None,old
05.04.2022,Продукт 18,Тип 1,6120,покупка,Блогер,new
05.04.2022,Продукт 18,Тип 1,3315,покупка,Ютуб,new
05.04.2022,Продукт 19,Тип 4,3500,покупка,None,new
05.04.2022,Продукт 23,Тип 1,9840,в подарок,None,new
05.04.2022,Продукт 23,Тип 1,8610,покупка,None,old
05.04.2022,Продукт 23,Тип 1,7995,покупка,Телеграм,new
05.04.2022,Продукт 25,Тип 7,5760,покупка,None,new
05.04.2022,Продукт 26,Тип 5,4080,покупка,None,old
05.04.2022,Продукт 27,Тип 2,1860,покупка,Блогер,old
05.04.2022,Продукт 27,Тип 2,14105,покупка,Ютуб,new
05.04.2022,Продукт 27,Тип 2,6460,покупка,Ютуб,old
05.04.2022,Продукт 27,Тип 2,4030,покупка,Телеграм,new
05.04.2022,Продукт 27,Тип 2,6045,покупка,Телеграм,old
05.04.2022,Продукт 28,Тип 5,1140,покупка,None,old
05.04.2022,Продукт 28,Тип 5,6630,покупка,Ютуб,new
05.04.2022,Продукт 29,Тип 2,1815,покупка,Телеграм,old
05.04.2022,Продукт 60,Тип 2,2800,в подарок,None,old
05.04.2022,Продукт 31,Тип 1,5250,покупка,None,old
05.04.2022,Продукт 32,Тип 6,18000,покупка,None,old
05.04.2022,Продукт 33,Тип 2,2800,покупка,None,old
05.04.2022,Продукт 34,Тип 2,2795,покупка,Ютуб,new
05.04.2022,Продукт 39,Тип 5,2800,покупка,None,old
06.04.2022,Продукт 1,Тип 1,3570,покупка,None,old
06.04.2022,Продукт 40,Тип 1,1750,покупка,None,old
06.04.2022,Продукт 3,Тип 2,3570,покупка,Реклама,old
06.04.2022,Продукт 4,Тип 1,4080,покупка,None,old
06.04.2022,Продукт 4,Тип 1,21420,покупка,Блогер,new
06.04.2022,Продукт 4,Тип 1,3060,покупка,Блогер,old
06.04.2022,Продукт 41,Тип 4,3120,покупка,None,new
06.04.2022,Продукт 41,Тип 4,340,покупка,None,old
06.04.2022,Продукт 42,Тип 4,930,покупка,None,old
06.04.2022,Продукт 7,Тип 3,9700,в подарок,None,new
06.04.2022,Продукт 9,Тип 3,3000,в подарок,None,new
06.04.2022,Продукт 61,Тип 3,1600,в подарок,None,old
06.04.2022,Продукт 11,Тип 2,10850,покупка,None,new
06.04.2022,Продукт 11,Тип 2,39200,покупка,None,old
06.04.2022,Продукт 12,Тип 1,2550,покупка,None,old
06.04.2022,Продукт 13,Тип 2,2275,в подарок,Телеграм,old
06.04.2022,Продукт 13,Тип 2,8050,покупка,None,old
06.04.2022,Продукт 13,Тип 2,13650,покупка,Ютуб,new
06.04.2022,Продукт 13,Тип 2,9100,покупка,Ютуб,old
06.04.2022,Продукт 13,Тип 2,2275,покупка,Телеграм,new
06.04.2022,Продукт 13,Тип 2,2275,покупка,Телеграм,old
06.04.2022,Продукт 48,Тип 5,5940,покупка,None,old
06.04.2022,Продукт 14,Тип 4,2015,покупка,Ютуб,new
06.04.2022,Продукт 15,Тип 4,2275,покупка,Ютуб,old
06.04.2022,Продукт 17,Тип 2,7440,покупка,None,new
06.04.2022,Продукт 17,Тип 2,14880,покупка,None,old
06.04.2022,Продукт 18,Тип 1,4080,в подарок,None,new
06.04.2022,Продукт 18,Тип 1,3570,покупка,None,new
06.04.2022,Продукт 18,Тип 1,6120,покупка,Блогер,new
06.04.2022,Продукт 19,Тип 4,1625,покупка,Ютуб,new
06.04.2022,Продукт 20,Тип 1,7920,покупка,None,old
06.04.2022,Продукт 22,Тип 1,2550,покупка,None,old
06.04.2022,Продукт 25,Тип 7,5760,покупка,None,old
06.04.2022,Продукт 26,Тип 5,4080,в подарок,None,new
06.04.2022,Продукт 26,Тип 5,5150,покупка,None,old
06.04.2022,Продукт 27,Тип 2,2170,покупка,None,new
06.04.2022,Продукт 27,Тип 2,2480,покупка,None,old
06.04.2022,Продукт 27,Тип 2,1860,покупка,Блогер,new
06.04.2022,Продукт 27,Тип 2,2015,покупка,Ютуб,new
06.04.2022,Продукт 28,Тип 5,3315,покупка,Ютуб,new
06.04.2022,Продукт 28,Тип 5,3315,покупка,Ютуб,old
06.04.2022,Продукт 28,Тип 5,3315,покупка,Телеграм,old
06.04.2022,Продукт 29,Тип 2,2480,покупка,None,old
06.04.2022,Продукт 53,Тип 1,5040,покупка,None,old
06.04.2022,Продукт 54,Тип 2,5940,покупка,Лидген,old
06.04.2022,Продукт 30,Тип 4,930,покупка,None,old
06.04.2022,Продукт 31,Тип 1,5250,покупка,None,new
06.04.2022,Продукт 31,Тип 1,5250,покупка,None,old
06.04.2022,Продукт 68,Тип 4,2000,покупка,None,old
06.04.2022,Продукт 32,Тип 6,18000,покупка,None,old
06.04.2022,Продукт 69,Тип 6,36000,покупка,None,old
06.04.2022,Продукт 35,Тип 2,4200,покупка,None,old
06.04.2022,Продукт 35,Тип 2,4200,покупка,Блогер,new
06.04.2022,Продукт 56,Тип 4,1060,покупка,None,old
06.04.2022,Продукт 36,Тип 4,1470,покупка,None,old
06.04.2022,Продукт 39,Тип 5,2800,покупка,None,new
06.04.2022,Продукт 39,Тип 5,5950,покупка,None,old
07.04.2022,Продукт 1,Тип 1,3060,покупка,Блогер,new
07.04.2022,Продукт 40,Тип 1,2450,покупка,None,old
07.04.2022,Продукт 40,Тип 1,2100,покупка,Блогер,new
07.04.2022,Продукт 40,Тип 1,550,покупка,Лидген,old
07.04.2022,Продукт 40,Тип 1,1575,покупка,Телеграм,new
07.04.2022,Продукт 3,Тип 2,1330,покупка,Лидген,old
07.04.2022,Продукт 4,Тип 1,2550,покупка,None,new
07.04.2022,Продукт 4,Тип 1,550,покупка,None,old
07.04.2022,Продукт 4,Тип 1,12240,покупка,Блогер,new
07.04.2022,Продукт 4,Тип 1,3060,покупка,Блогер,old
07.04.2022,Продукт 41,Тип 4,3120,покупка,None,old
07.04.2022,Продукт 57,Тип 4,490,покупка,Лидген,old
07.04.2022,Продукт 6,Тип 2,6190,покупка,None,old
07.04.2022,Продукт 6,Тип 2,8190,покупка,Ютуб,new
07.04.2022,Продукт 6,Тип 2,1690,покупка,Лидген,old
07.04.2022,Продукт 42,Тип 4,2480,покупка,None,old
07.04.2022,Продукт 7,Тип 3,2800,в подарок,None,new
07.04.2022,Продукт 8,Тип 3,4800,в подарок,None,new
07.04.2022,Продукт 9,Тип 3,1600,в подарок,None,new
07.04.2022,Продукт 9,Тип 3,8000,в подарок,None,old
07.04.2022,Продукт 10,Тип 4,4900,покупка,None,new
07.04.2022,Продукт 11,Тип 2,20830,покупка,None,old
07.04.2022,Продукт 11,Тип 2,1225,покупка,Ютуб,new
07.04.2022,Продукт 43,Тип 4,585,покупка,Ютуб,new
07.04.2022,Продукт 12,Тип 1,4080,в подарок,None,old
07.04.2022,Продукт 12,Тип 1,3570,покупка,None,old
07.04.2022,Продукт 46,Тип 4,310,покупка,Лидген,old
07.04.2022,Продукт 47,Тип 7,3920,покупка,None,new
07.04.2022,Продукт 13,Тип 2,2800,покупка,None,old
07.04.2022,Продукт 13,Тип 2,2275,покупка,Телеграм,new
07.04.2022,Продукт 58,Тип 5,1500,покупка,None,new
07.04.2022,Продукт 15,Тип 4,2100,покупка,None,new
07.04.2022,Продукт 15,Тип 4,2100,покупка,None,old
07.04.2022,Продукт 15,Тип 4,875,покупка,Телеграм,new
07.04.2022,Продукт 16,Тип 2,2480,покупка,None,new
07.04.2022,Продукт 16,Тип 2,28210,покупка,None,old
07.04.2022,Продукт 64,Тип 4,1860,покупка,None,old
07.04.2022,Продукт 17,Тип 2,4960,в подарок,None,new
07.04.2022,Продукт 17,Тип 2,1550,покупка,None,new
07.04.2022,Продукт 17,Тип 2,21700,покупка,None,old
07.04.2022,Продукт 17,Тип 2,1860,покупка,Блогер,old
07.04.2022,Продукт 17,Тип 2,23250,покупка,Ютуб,new
07.04.2022,Продукт 17,Тип 2,8060,покупка,Ютуб,old
07.04.2022,Продукт 17,Тип 2,430,покупка,Лидген,old
07.04.2022,Продукт 17,Тип 2,5425,покупка,Телеграм,new
07.04.2022,Продукт 17,Тип 2,2015,покупка,Телеграм,old
07.04.2022,Продукт 50,Тип 4,1860,в подарок,None,new
07.04.2022,Продукт 50,Тип 4,3410,покупка,None,new
07.04.2022,Продукт 50,Тип 4,310,покупка,Лидген,old
07.04.2022,Продукт 18,Тип 1,3570,в подарок,None,new
07.04.2022,Продукт 18,Тип 1,550,покупка,None,old
07.04.2022,Продукт 19,Тип 4,1500,в подарок,None,old
07.04.2022,Продукт 19,Тип 4,3000,покупка,None,old
07.04.2022,Продукт 21,Тип 5,2170,в подарок,None,new
07.04.2022,Продукт 21,Тип 5,1550,покупка,None,new
07.04.2022,Продукт 21,Тип 5,1395,покупка,Телеграм,new
07.04.2022,Продукт 22,Тип 1,4080,покупка,None,new
07.04.2022,Продукт 22,Тип 1,3060,покупка,Блогер,old
07.04.2022,Продукт 22,Тип 1,1030,покупка,Лидген,old
07.04.2022,Продукт 24,Тип 2,7920,покупка,None,new
07.04.2022,Продукт 25,Тип 7,4320,покупка,Лидген,old
07.04.2022,Продукт 26,Тип 5,160,покупка,None,old
07.04.2022,Продукт 27,Тип 2,7130,покупка,None,new
07.04.2022,Продукт 51,Тип 4,1860,покупка,None,old
07.04.2022,Продукт 51,Тип 4,1860,покупка,Блогер,old
07.04.2022,Продукт 51,Тип 4,110,покупка,Лидген,old
07.04.2022,Продукт 52,Тип 4,3120,покупка,None,new
07.04.2022,Продукт 52,Тип 4,1170,покупка,None,old
07.04.2022,Продукт 52,Тип 4,585,покупка,Ютуб,new
07.04.2022,Продукт 28,Тип 5,3570,покупка,None,old
07.04.2022,Продукт 28,Тип 5,6120,покупка,Блогер,new
07.04.2022,Продукт 28,Тип 5,3315,покупка,Ютуб,new
07.04.2022,Продукт 28,Тип 5,3315,покупка,Ютуб,old
07.04.2022,Продукт 29,Тип 2,7440,покупка,None,old
07.04.2022,Продукт 29,Тип 2,1660,покупка,Лидген,old
07.04.2022,Продукт 54,Тип 2,4950,покупка,None,old
07.04.2022,Продукт 30,Тип 4,930,покупка,None,new
07.04.2022,Продукт 30,Тип 4,2170,покупка,None,old
07.04.2022,Продукт 60,Тип 2,2100,покупка,Блогер,old
07.04.2022,Продукт 31,Тип 1,3750,покупка,None,new
07.04.2022,Продукт 31,Тип 1,1750,покупка,None,old
07.04.2022,Продукт 31,Тип 1,2050,покупка,Лидген,old
07.04.2022,Продукт 68,Тип 4,2000,в подарок,None,new
07.04.2022,Продукт 68,Тип 4,1750,покупка,None,old
07.04.2022,Продукт 68,Тип 4,1000,покупка,Лидген,old
07.04.2022,Продукт 32,Тип 6,18000,покупка,None,old
07.04.2022,Продукт 33,Тип 2,4550,покупка,None,old
07.04.2022,Продукт 33,Тип 2,550,покупка,Лидген,old
07.04.2022,Продукт 34,Тип 2,5590,покупка,None,new
07.04.2022,Продукт 35,Тип 2,6300,покупка,Блогер,new
07.04.2022,Продукт 35,Тип 2,3700,покупка,Блогер,old
07.04.2022,Продукт 36,Тип 4,735,покупка,Ютуб,new
07.04.2022,Продукт 37,Тип 4,2480,в подарок,None,new
07.04.2022,Продукт 39,Тип 5,4550,покупка,None,new
07.04.2022,Продукт 39,Тип 5,39100,покупка,None,old
08.04.2022,Продукт 1,Тип 1,3570,покупка,None,old
08.04.2022,Продукт 40,Тип 1,4900,покупка,None,old
08.04.2022,Продукт 4,Тип 1,4080,покупка,None,old
08.04.2022,Продукт 4,Тип 1,6120,покупка,Блогер,new
08.04.2022,Продукт 4,Тип 1,3570,покупка,Реклама,old
08.04.2022,Продукт 4,Тип 1,3315,покупка,Телеграм,old
08.04.2022,Продукт 7,Тип 3,12050,в подарок,None,new
08.04.2022,Продукт 7,Тип 3,3200,в подарок,None,old
08.04.2022,Продукт 8,Тип 3,2000,в подарок,None,new
08.04.2022,Продукт 8,Тип 3,2800,в подарок,None,old
08.04.2022,Продукт 9,Тип 3,21700,в подарок,None,new
08.04.2022,Продукт 9,Тип 3,4800,в подарок,None,old
08.04.2022,Продукт 10,Тип 4,2450,покупка,None,new
08.04.2022,Продукт 11,Тип 2,10500,покупка,None,old
08.04.2022,Продукт 11,Тип 2,2275,покупка,Телеграм,new
08.04.2022,Продукт 12,Тип 1,4080,покупка,None,old
08.04.2022,Продукт 12,Тип 1,3315,покупка,Ютуб,new
08.04.2022,Продукт 15,Тип 4,700,покупка,None,old
08.04.2022,Продукт 16,Тип 2,2480,покупка,None,new
08.04.2022,Продукт 16,Тип 2,22320,покупка,None,old
08.04.2022,Продукт 16,Тип 2,2015,покупка,Телеграм,old
08.04.2022,Продукт 17,Тип 2,4650,покупка,None,new
08.04.2022,Продукт 17,Тип 2,30860,покупка,None,old
08.04.2022,Продукт 17,Тип 2,28210,покупка,Ютуб,new
08.04.2022,Продукт 17,Тип 2,10075,покупка,Ютуб,old
08.04.2022,Продукт 17,Тип 2,2015,покупка,Телеграм,new
08.04.2022,Продукт 17,Тип 2,8060,покупка,Телеграм,old
08.04.2022,Продукт 50,Тип 4,1860,покупка,None,new
08.04.2022,Продукт 59,Тип 4,1750,покупка,None,new
08.04.2022,Продукт 18,Тип 1,2550,покупка,None,old
08.04.2022,Продукт 18,Тип 1,3060,покупка,Блогер,new
08.04.2022,Продукт 20,Тип 1,7920,покупка,None,new
08.04.2022,Продукт 20,Тип 1,7920,покупка,None,old
08.04.2022,Продукт 22,Тип 1,4080,покупка,None,new
08.04.2022,Продукт 22,Тип 1,3570,покупка,None,old
08.04.2022,Продукт 25,Тип 7,5760,в подарок,None,old
08.04.2022,Продукт 25,Тип 7,8640,покупка,None,old
08.04.2022,Продукт 28,Тип 5,3060,в подарок,Блогер,new
08.04.2022,Продукт 28,Тип 5,3060,покупка,None,new
08.04.2022,Продукт 28,Тип 5,8160,покупка,None,old
08.04.2022,Продукт 28,Тип 5,3060,покупка,Блогер,new
08.04.2022,Продукт 28,Тип 5,3060,покупка,Блогер,old
08.04.2022,Продукт 29,Тип 2,2170,покупка,None,new
08.04.2022,Продукт 29,Тип 2,3100,покупка,None,old
08.04.2022,Продукт 53,Тип 1,5760,в подарок,None,new
08.04.2022,Продукт 53,Тип 1,5760,покупка,None,new
08.04.2022,Продукт 54,Тип 2,7920,в подарок,None,old
08.04.2022,Продукт 54,Тип 2,6568,покупка,None,old
08.04.2022,Продукт 60,Тип 2,8700,покупка,None,old
08.04.2022,Продукт 31,Тип 1,3000,покупка,None,old
08.04.2022,Продукт 68,Тип 4,1000,покупка,None,old
08.04.2022,Продукт 33,Тип 2,5250,покупка,None,old
08.04.2022,Продукт 35,Тип 2,2450,покупка,None,new
08.04.2022,Продукт 35,Тип 2,2450,покупка,None,old
08.04.2022,Продукт 36,Тип 4,2940,покупка,None,new
08.04.2022,Продукт 36,Тип 4,2450,покупка,None,old
08.04.2022,Продукт 37,Тип 4,1860,покупка,None,old
08.04.2022,Продукт 39,Тип 5,2800,покупка,None,new
08.04.2022,Продукт 39,Тип 5,16100,покупка,None,old
09.04.2022,Продукт 1,Тип 1,4080,покупка,None,new
09.04.2022,Продукт 4,Тип 1,12240,покупка,Блогер,new
09.04.2022,Продукт 4,Тип 1,1530,покупка,Блогер,old
09.04.2022,Продукт 6,Тип 2,3150,покупка,None,old
09.04.2022,Продукт 7,Тип 3,2800,в подарок,None,new
09.04.2022,Продукт 9,Тип 3,12000,в подарок,None,new
09.04.2022,Продукт 9,Тип 3,9200,в подарок,None,old
09.04.2022,Продукт 10,Тип 4,1750,покупка,None,old
09.04.2022,Продукт 75,Тип 2,1950,покупка,None,old
09.04.2022,Продукт 11,Тип 2,2800,покупка,None,old
09.04.2022,Продукт 11,Тип 2,2275,покупка,Телеграм,new
09.04.2022,Продукт 62,Тип 2,4400,покупка,None,old
09.04.2022,Продукт 12,Тип 1,3315,покупка,Ютуб,old
09.04.2022,Продукт 47,Тип 7,3920,покупка,None,old
09.04.2022,Продукт 58,Тип 5,6000,покупка,None,new
09.04.2022,Продукт 14,Тип 4,1860,покупка,None,new
09.04.2022,Продукт 16,Тип 2,2480,в подарок,None,old
09.04.2022,Продукт 16,Тип 2,4960,покупка,None,old
09.04.2022,Продукт 63,Тип 1,3240,покупка,None,old
09.04.2022,Продукт 64,Тип 4,2015,покупка,Телеграм,old
09.04.2022,Продукт 17,Тип 2,2480,в подарок,None,old
09.04.2022,Продукт 17,Тип 2,9300,покупка,None,new
09.04.2022,Продукт 17,Тип 2,7440,покупка,None,old
09.04.2022,Продукт 17,Тип 2,10075,покупка,Ютуб,new
09.04.2022,Продукт 17,Тип 2,1860,покупка,Лидген,old
09.04.2022,Продукт 17,Тип 2,4030,покупка,Телеграм,old
09.04.2022,Продукт 50,Тип 4,2480,в подарок,None,new
09.04.2022,Продукт 76,Тип 1,3120,покупка,None,new
09.04.2022,Продукт 18,Тип 1,3060,покупка,None,new
09.04.2022,Продукт 18,Тип 1,3060,покупка,Блогер,new
09.04.2022,Продукт 22,Тип 1,4080,в подарок,None,new
09.04.2022,Продукт 22,Тип 1,3570,покупка,None,new
09.04.2022,Продукт 23,Тип 1,9840,покупка,None,old
09.04.2022,Продукт 23,Тип 1,3690,покупка,Блогер,old
09.04.2022,Продукт 25,Тип 7,9360,покупка,None,old
09.04.2022,Продукт 25,Тип 7,2160,покупка,Блогер,old
09.04.2022,Продукт 52,Тип 4,390,покупка,Блогер,old
09.04.2022,Продукт 29,Тип 2,4650,покупка,None,old
09.04.2022,Продукт 29,Тип 2,930,покупка,Блогер,old
09.04.2022,Продукт 29,Тип 2,1860,покупка,Лидген,old
09.04.2022,Продукт 53,Тип 1,5360,покупка,None,old
09.04.2022,Продукт 54,Тип 2,4950,покупка,None,old
09.04.2022,Продукт 31,Тип 1,6000,в подарок,None,old
09.04.2022,Продукт 31,Тип 1,7500,покупка,None,old
09.04.2022,Продукт 32,Тип 6,18000,покупка,None,old
09.04.2022,Продукт 69,Тип 6,36000,покупка,None,old
09.04.2022,Продукт 33,Тип 2,2800,покупка,None,new
09.04.2022,Продукт 33,Тип 2,39200,покупка,None,old
09.04.2022,Продукт 33,Тип 2,2275,покупка,Ютуб,old
09.04.2022,Продукт 34,Тип 2,2795,в подарок,Ютуб,old
09.04.2022,Продукт 34,Тип 2,3440,покупка,None,new
09.04.2022,Продукт 34,Тип 2,2150,покупка,None,old
09.04.2022,Продукт 34,Тип 2,11180,покупка,Ютуб,new
09.04.2022,Продукт 34,Тип 2,11180,покупка,Ютуб,old
09.04.2022,Продукт 34,Тип 2,2580,покупка,Лидген,new
09.04.2022,Продукт 34,Тип 2,2795,покупка,Телеграм,new
09.04.2022,Продукт 35,Тип 2,2450,покупка,None,old
09.04.2022,Продукт 35,Тип 2,2100,покупка,Блогер,new
09.04.2022,Продукт 38,Тип 8,5500,покупка,None,old
10.04.2022,Продукт 1,Тип 1,5280,покупка,None,old
10.04.2022,Продукт 74,Тип 4,1750,в подарок,Реклама,old
10.04.2022,Продукт 74,Тип 4,350,покупка,Лидген,old
10.04.2022,Продукт 40,Тип 1,2800,покупка,None,old
10.04.2022,Продукт 3,Тип 2,2550,покупка,None,old
10.04.2022,Продукт 3,Тип 2,1785,покупка,Ютуб,old
10.04.2022,Продукт 4,Тип 1,580,покупка,None,old
10.04.2022,Продукт 4,Тип 1,3060,покупка,Блогер,new
10.04.2022,Продукт 4,Тип 1,1785,покупка,Телеграм,new
10.04.2022,Продукт 5,Тип 7,5040,покупка,None,new
10.04.2022,Продукт 5,Тип 7,2205,покупка,Телеграм,new
10.04.2022,Продукт 6,Тип 2,4300,покупка,None,old
10.04.2022,Продукт 6,Тип 2,2205,покупка,Ютуб,old
10.04.2022,Продукт 7,Тип 3,2400,в подарок,None,old
10.04.2022,Продукт 61,Тип 3,823,в подарок,None,new
10.04.2022,Продукт 10,Тип 4,1225,покупка,Ютуб,old
10.04.2022,Продукт 11,Тип 2,5600,покупка,None,old
10.04.2022,Продукт 12,Тип 1,4080,покупка,None,new
10.04.2022,Продукт 12,Тип 1,1785,покупка,Ютуб,old
10.04.2022,Продукт 12,Тип 1,1785,покупка,Телеграм,new
10.04.2022,Продукт 47,Тип 7,3185,покупка,Ютуб,new
10.04.2022,Продукт 14,Тип 4,310,покупка,Лидген,old
10.04.2022,Продукт 15,Тип 4,2100,покупка,None,new
10.04.2022,Продукт 15,Тип 4,1050,покупка,None,old
10.04.2022,Продукт 16,Тип 2,2480,в подарок,None,new
10.04.2022,Продукт 16,Тип 2,4650,покупка,None,old
10.04.2022,Продукт 16,Тип 2,930,покупка,Лидген,old
10.04.2022,Продукт 16,Тип 2,1085,покупка,Телеграм,new
10.04.2022,Продукт 17,Тип 2,14880,покупка,None,new
10.04.2022,Продукт 17,Тип 2,14570,покупка,None,old
10.04.2022,Продукт 17,Тип 2,2015,покупка,Ютуб,old
10.04.2022,Продукт 59,Тип 4,350,покупка,Лидген,old
10.04.2022,Продукт 18,Тип 1,7140,покупка,None,new
10.04.2022,Продукт 18,Тип 1,3060,покупка,None,old
10.04.2022,Продукт 22,Тип 1,3060,покупка,Блогер,new
10.04.2022,Продукт 23,Тип 1,9840,покупка,None,new
10.04.2022,Продукт 23,Тип 1,7995,покупка,Ютуб,new
10.04.2022,Продукт 24,Тип 2,2970,покупка,Лидген,old
10.04.2022,Продукт 28,Тип 5,3060,покупка,Блогер,new
10.04.2022,Продукт 29,Тип 2,1085,покупка,Ютуб,old
10.04.2022,Продукт 29,Тип 2,930,покупка,Лидген,old
10.04.2022,Продукт 53,Тип 1,1960,покупка,None,old
10.04.2022,Продукт 30,Тип 4,1860,покупка,None,old
10.04.2022,Продукт 30,Тип 4,310,покупка,Лидген,old
10.04.2022,Продукт 60,Тип 2,2450,в подарок,Реклама,old
10.04.2022,Продукт 31,Тип 1,6000,в подарок,None,new
10.04.2022,Продукт 31,Тип 1,11500,покупка,None,old
10.04.2022,Продукт 33,Тип 2,2800,в подарок,None,old
10.04.2022,Продукт 33,Тип 2,2275,в подарок,Ютуб,new
10.04.2022,Продукт 33,Тип 2,4550,в подарок,Телеграм,old
10.04.2022,Продукт 33,Тип 2,39200,покупка,None,old
10.04.2022,Продукт 33,Тип 2,18200,покупка,Ютуб,new
10.04.2022,Продукт 33,Тип 2,9100,покупка,Ютуб,old
10.04.2022,Продукт 33,Тип 2,2275,покупка,Телеграм,new
10.04.2022,Продукт 33,Тип 2,15925,покупка,Телеграм,old
10.04.2022,Продукт 34,Тип 2,50310,покупка,Ютуб,new
10.04.2022,Продукт 34,Тип 2,4300,покупка,Ютуб,old
10.04.2022,Продукт 34,Тип 2,1505,покупка,Телеграм,new
10.04.2022,Продукт 34,Тип 2,11180,покупка,Телеграм,old
10.04.2022,Продукт 35,Тип 2,2450,покупка,None,old
10.04.2022,Продукт 35,Тип 2,4200,покупка,Блогер,new
10.04.2022,Продукт 78,Тип 2,3440,покупка,None,old
10.04.2022,Продукт 72,Тип 4,465,покупка,Телеграм,new
10.04.2022,Продукт 56,Тип 4,1530,покупка,None,old
10.04.2022,Продукт 39,Тип 5,8400,покупка,None,old
10.04.2022,Продукт 39,Тип 5,2275,покупка,Ютуб,new
11.04.2022,Продукт 1,Тип 1,16575,покупка,Ютуб,new
11.04.2022,Продукт 1,Тип 1,3315,покупка,Ютуб,old
11.04.2022,Продукт 1,Тип 1,3315,покупка,Телеграм,old
11.04.2022,Продукт 40,Тип 1,2800,в подарок,None,new
11.04.2022,Продукт 40,Тип 1,2800,покупка,None,old
11.04.2022,Продукт 3,Тип 2,4080,в подарок,None,new
11.04.2022,Продукт 4,Тип 1,4080,покупка,None,new
11.04.2022,Продукт 4,Тип 1,2540,покупка,Блогер,old
11.04.2022,Продукт 4,Тип 1,2040,покупка,Реклама,old
11.04.2022,Продукт 5,Тип 7,2520,покупка,Реклама,old
11.04.2022,Продукт 7,Тип 3,2665,в подарок,None,new
11.04.2022,Продукт 7,Тип 3,3200,в подарок,None,old
11.04.2022,Продукт 9,Тип 3,6800,в подарок,None,new
11.04.2022,Продукт 9,Тип 3,28800,в подарок,None,old
11.04.2022,Продукт 10,Тип 4,6990,покупка,None,old
11.04.2022,Продукт 11,Тип 2,2800,в подарок,None,new
11.04.2022,Продукт 11,Тип 2,5600,покупка,None,new
11.04.2022,Продукт 11,Тип 2,5600,покупка,None,old
11.04.2022,Продукт 12,Тип 1,3060,покупка,Лидген,old
11.04.2022,Продукт 47,Тип 7,1960,покупка,Реклама,old
11.04.2022,Продукт 16,Тип 2,2480,покупка,None,old
11.04.2022,Продукт 17,Тип 2,2480,покупка,None,new
11.04.2022,Продукт 17,Тип 2,2480,покупка,None,old
11.04.2022,Продукт 17,Тип 2,1860,покупка,Блогер,new
11.04.2022,Продукт 17,Тип 2,1860,покупка,Блогер,old
11.04.2022,Продукт 18,Тип 1,4080,покупка,None,new
11.04.2022,Продукт 18,Тип 1,6120,покупка,Блогер,new
11.04.2022,Продукт 18,Тип 1,2040,покупка,Реклама,old
11.04.2022,Продукт 19,Тип 4,2000,покупка,None,new
11.04.2022,Продукт 21,Тип 5,280,покупка,None,old
11.04.2022,Продукт 23,Тип 1,19680,покупка,None,new
11.04.2022,Продукт 25,Тип 7,2880,покупка,Реклама,old
11.04.2022,Продукт 29,Тип 2,2170,покупка,None,old
11.04.2022,Продукт 33,Тип 2,14000,покупка,None,old
11.04.2022,Продукт 33,Тип 2,13650,покупка,Ютуб,new
11.04.2022,Продукт 33,Тип 2,11375,покупка,Ютуб,old
11.04.2022,Продукт 33,Тип 2,2275,покупка,Телеграм,new
11.04.2022,Продукт 33,Тип 2,11375,покупка,Телеграм,old
11.04.2022,Продукт 34,Тип 2,6020,покупка,None,new
11.04.2022,Продукт 34,Тип 2,12900,покупка,None,old
11.04.2022,Продукт 34,Тип 2,2795,покупка,Ютуб,new
11.04.2022,Продукт 35,Тип 2,2800,покупка,None,old
11.04.2022,Продукт 37,Тип 4,1860,в подарок,None,new
11.04.2022,Продукт 39,Тип 5,2275,в подарок,Телеграм,old
11.04.2022,Продукт 39,Тип 5,2450,покупка,None,old
11.04.2022,Продукт 39,Тип 5,2450,покупка,Реклама,old
12.04.2022,Продукт 80,Тип 4,2205,покупка,Ютуб,old
12.04.2022,Продукт 1,Тип 1,3060,покупка,None,old
12.04.2022,Продукт 1,Тип 1,26520,покупка,Ютуб,new
12.04.2022,Продукт 1,Тип 1,19890,покупка,Ютуб,old
12.04.2022,Продукт 1,Тип 1,1530,покупка,Лидген,old
12.04.2022,Продукт 1,Тип 1,9945,покупка,Телеграм,old
12.04.2022,Продукт 40,Тип 1,2450,покупка,None,new
12.04.2022,Продукт 3,Тип 2,714,покупка,Телеграм,old
12.04.2022,Продукт 4,Тип 1,3060,покупка,Блогер,new
12.04.2022,Продукт 4,Тип 1,3060,покупка,Блогер,old
12.04.2022,Продукт 5,Тип 7,4095,покупка,None,old
12.04.2022,Продукт 57,Тип 4,490,покупка,None,old
12.04.2022,Продукт 6,Тип 2,1540,покупка,None,old
12.04.2022,Продукт 6,Тип 2,1890,покупка,Лидген,old
12.04.2022,Продукт 7,Тип 3,4000,в подарок,None,new
12.04.2022,Продукт 9,Тип 3,8250,в подарок,None,new
12.04.2022,Продукт 10,Тип 4,1050,покупка,Лидген,old
12.04.2022,Продукт 43,Тип 4,3120,покупка,None,old
12.04.2022,Продукт 43,Тип 4,1755,покупка,Ютуб,new
12.04.2022,Продукт 45,Тип 1,720,покупка,None,new
12.04.2022,Продукт 12,Тип 1,3060,покупка,Лидген,new
12.04.2022,Продукт 47,Тип 7,1470,покупка,Лидген,old
12.04.2022,Продукт 16,Тип 2,2480,в подарок,None,new
12.04.2022,Продукт 16,Тип 2,4570,покупка,None,old
12.04.2022,Продукт 17,Тип 2,2480,в подарок,None,new
12.04.2022,Продукт 17,Тип 2,4960,в подарок,None,old
12.04.2022,Продукт 17,Тип 2,7720,покупка,None,new
12.04.2022,Продукт 17,Тип 2,14570,покупка,None,old
12.04.2022,Продукт 17,Тип 2,7440,покупка,Блогер,new
12.04.2022,Продукт 17,Тип 2,34255,покупка,Ютуб,new
12.04.2022,Продукт 17,Тип 2,6860,покупка,Ютуб,old
12.04.2022,Продукт 17,Тип 2,4030,покупка,Телеграм,new
12.04.2022,Продукт 17,Тип 2,10075,покупка,Телеграм,old
12.04.2022,Продукт 50,Тип 4,2015,покупка,Телеграм,old
12.04.2022,Продукт 18,Тип 1,4080,в подарок,None,old
12.04.2022,Продукт 18,Тип 1,4080,покупка,None,new
12.04.2022,Продукт 19,Тип 4,1250,покупка,None,old
12.04.2022,Продукт 20,Тип 1,4074,покупка,Телеграм,old
12.04.2022,Продукт 23,Тип 1,9840,в подарок,None,new
12.04.2022,Продукт 28,Тип 5,8160,покупка,None,new
12.04.2022,Продукт 28,Тип 5,3570,покупка,None,old
12.04.2022,Продукт 29,Тип 2,2170,покупка,None,old
12.04.2022,Продукт 29,Тип 2,2015,покупка,Телеграм,old
12.04.2022,Продукт 54,Тип 2,4074,покупка,Телеграм,old
12.04.2022,Продукт 31,Тип 1,2250,покупка,Лидген,old
12.04.2022,Продукт 32,Тип 6,18000,покупка,None,new
12.04.2022,Продукт 33,Тип 2,2800,покупка,None,new
12.04.2022,Продукт 33,Тип 2,11200,покупка,None,old
12.04.2022,Продукт 33,Тип 2,2275,покупка,Ютуб,old
12.04.2022,Продукт 34,Тип 2,3440,в подарок,None,old
12.04.2022,Продукт 34,Тип 2,3440,покупка,None,new
12.04.2022,Продукт 34,Тип 2,19995,покупка,None,old
12.04.2022,Продукт 35,Тип 2,2800,покупка,None,old
12.04.2022,Продукт 35,Тип 2,2275,покупка,Ютуб,new
12.04.2022,Продукт 72,Тип 4,2480,покупка,None,old
12.04.2022,Продукт 56,Тип 4,4080,покупка,None,new
12.04.2022,Продукт 38,Тип 8,4000,покупка,None,old
12.04.2022,Продукт 39,Тип 5,2275,покупка,Телеграм,old
13.04.2022,Продукт 1,Тип 1,4080,покупка,None,old
13.04.2022,Продукт 1,Тип 1,33150,покупка,Ютуб,new
13.04.2022,Продукт 1,Тип 1,1785,покупка,Ютуб,old
13.04.2022,Продукт 1,Тип 1,3315,покупка,Телеграм,new
13.04.2022,Продукт 74,Тип 4,1050,покупка,None,new
13.04.2022,Продукт 40,Тип 1,4550,покупка,None,new
13.04.2022,Продукт 40,Тип 1,2100,покупка,Лидген,old
13.04.2022,Продукт 4,Тип 1,4080,покупка,None,new
13.04.2022,Продукт 4,Тип 1,15300,покупка,Блогер,new
13.04.2022,Продукт 41,Тип 4,3510,покупка,None,new
13.04.2022,Продукт 81,Тип 2,2275,покупка,Ютуб,old
13.04.2022,Продукт 7,Тип 3,10200,в подарок,None,new
13.04.2022,Продукт 8,Тип 3,10800,в подарок,None,new
13.04.2022,Продукт 9,Тип 3,6250,в подарок,None,new
13.04.2022,Продукт 9,Тип 3,3600,в подарок,None,old
13.04.2022,Продукт 61,Тип 3,4800,в подарок,None,new
13.04.2022,Продукт 11,Тип 2,5600,покупка,None,new
13.04.2022,Продукт 11,Тип 2,2800,покупка,None,old
13.04.2022,Продукт 12,Тип 1,4080,покупка,None,old
13.04.2022,Продукт 15,Тип 4,1050,покупка,None,new
13.04.2022,Продукт 16,Тип 2,2480,покупка,None,old
13.04.2022,Продукт 17,Тип 2,2480,в подарок,None,old
13.04.2022,Продукт 17,Тип 2,2015,в подарок,Ютуб,old
13.04.2022,Продукт 17,Тип 2,7440,покупка,None,new
13.04.2022,Продукт 17,Тип 2,19220,покупка,None,old
13.04.2022,Продукт 17,Тип 2,1860,покупка,Блогер,new
13.04.2022,Продукт 17,Тип 2,74555,покупка,Ютуб,new
13.04.2022,Продукт 17,Тип 2,27280,покупка,Ютуб,old
13.04.2022,Продукт 17,Тип 2,1860,покупка,Лидген,old
13.04.2022,Продукт 17,Тип 2,20150,покупка,Телеграм,new
13.04.2022,Продукт 17,Тип 2,8060,покупка,Телеграм,old
13.04.2022,Продукт 76,Тип 1,2340,покупка,Лидген,old
13.04.2022,Продукт 18,Тип 1,2550,покупка,None,new
13.04.2022,Продукт 21,Тип 5,1085,покупка,Ютуб,old
13.04.2022,Продукт 22,Тип 1,2550,покупка,None,new
13.04.2022,Продукт 22,Тип 1,4080,покупка,None,old
13.04.2022,Продукт 22,Тип 1,6120,покупка,Блогер,new
13.04.2022,Продукт 23,Тип 1,6150,покупка,None,new
13.04.2022,Продукт 25,Тип 7,4320,покупка,Лидген,old
13.04.2022,Продукт 52,Тип 4,1170,покупка,None,new
13.04.2022,Продукт 28,Тип 5,3570,покупка,None,old
13.04.2022,Продукт 53,Тип 1,9360,покупка,None,new
13.04.2022,Продукт 53,Тип 1,5760,покупка,None,old
13.04.2022,Продукт 54,Тип 2,5940,в подарок,Блогер,old
13.04.2022,Продукт 60,Тип 2,1860,в подарок,None,new
13.04.2022,Продукт 31,Тип 1,9750,покупка,None,new
13.04.2022,Продукт 31,Тип 1,4875,покупка,Ютуб,old
13.04.2022,Продукт 32,Тип 6,18000,покупка,None,new
13.04.2022,Продукт 32,Тип 6,18000,покупка,None,old
13.04.2022,Продукт 33,Тип 2,10850,покупка,None,old
13.04.2022,Продукт 34,Тип 2,10320,покупка,None,new
13.04.2022,Продукт 34,Тип 2,13330,покупка,None,old
13.04.2022,Продукт 34,Тип 2,1505,покупка,Ютуб,old
13.04.2022,Продукт 34,Тип 2,2580,покупка,Лидген,old
13.04.2022,Продукт 35,Тип 2,7700,покупка,None,old
13.04.2022,Продукт 36,Тип 4,1470,покупка,None,new
13.04.2022,Продукт 36,Тип 4,735,покупка,Ютуб,old
13.04.2022,Продукт 38,Тип 8,8800,покупка,None,new
13.04.2022,Продукт 39,Тип 5,2450,покупка,None,new
13.04.2022,Продукт 39,Тип 5,3500,покупка,Ютуб,old
14.04.2022,Продукт 1,Тип 1,3570,в подарок,None,new
14.04.2022,Продукт 1,Тип 1,7140,покупка,None,new
14.04.2022,Продукт 1,Тип 1,3315,покупка,None,old
14.04.2022,Продукт 1,Тип 1,9435,покупка,Ютуб,new
14.04.2022,Продукт 40,Тип 1,1925,покупка,Ютуб,new
14.04.2022,Продукт 4,Тип 1,3060,в подарок,None,new
14.04.2022,Продукт 4,Тип 1,12240,покупка,Блогер,new
14.04.2022,Продукт 5,Тип 7,5040,в подарок,None,new
14.04.2022,Продукт 81,Тип 2,2275,покупка,Телеграм,old
14.04.2022,Продукт 6,Тип 2,5040,покупка,None,old
14.04.2022,Продукт 7,Тип 3,4000,в подарок,None,old
14.04.2022,Продукт 9,Тип 3,2800,в подарок,None,old
14.04.2022,Продукт 11,Тип 2,18900,покупка,None,new
14.04.2022,Продукт 12,Тип 1,7140,покупка,None,new
14.04.2022,Продукт 12,Тип 1,7650,покупка,None,old
14.04.2022,Продукт 12,Тип 1,3060,покупка,Блогер,new
14.04.2022,Продукт 12,Тип 1,9945,покупка,Ютуб,new
14.04.2022,Продукт 12,Тип 1,3315,покупка,Телеграм,new
14.04.2022,Продукт 15,Тип 2,2450,в подарок,None,new
14.04.2022,Продукт 16,Тип 2,1860,покупка,None,old
14.04.2022,Продукт 63,Тип 1,6240,покупка,None,new
14.04.2022,Продукт 17,Тип 2,4960,покупка,None,new
14.04.2022,Продукт 17,Тип 2,17360,покупка,None,old
14.04.2022,Продукт 17,Тип 2,3720,покупка,Ютуб,new
14.04.2022,Продукт 17,Тип 2,4030,покупка,Ютуб,old
14.04.2022,Продукт 17,Тип 2,2015,покупка,Телеграм,new
14.04.2022,Продукт 17,Тип 2,2015,покупка,Телеграм,old
14.04.2022,Продукт 18,Тип 1,3060,покупка,Блогер,new
14.04.2022,Продукт 19,Тип 4,1750,покупка,None,new
14.04.2022,Продукт 79,Тип 2,2170,покупка,None,new
14.04.2022,Продукт 25,Тип 7,4320,покупка,Блогер,new
14.04.2022,Продукт 52,Тип 4,2340,покупка,None,new
14.04.2022,Продукт 66,Тип 9,12000,покупка,None,old
14.04.2022,Продукт 30,Тип 4,1860,покупка,Блогер,new
14.04.2022,Продукт 32,Тип 6,18000,покупка,None,old
14.04.2022,Продукт 32,Тип 6,12600,покупка,Телеграм,old
14.04.2022,Продукт 33,Тип 2,5600,покупка,None,old
14.04.2022,Продукт 34,Тип 2,3010,покупка,None,new
14.04.2022,Продукт 34,Тип 2,10320,покупка,None,old
14.04.2022,Продукт 35,Тип 2,2100,покупка,Блогер,new
14.04.2022,Продукт 72,Тип 4,1860,покупка,None,new
14.04.2022,Продукт 37,Тип 4,2480,в подарок,None,new
14.04.2022,Продукт 39,Тип 5,2800,покупка,None,new
14.04.2022,Продукт 39,Тип 5,2800,покупка,None,old
15.04.2022,Продукт 80,Тип 4,3920,в подарок,None,new
15.04.2022,Продукт 80,Тип 4,980,покупка,Лидген,old
15.04.2022,Продукт 1,Тип 1,1530,покупка,Блогер,new
15.04.2022,Продукт 40,Тип 1,1050,покупка,Блогер,new
15.04.2022,Продукт 4,Тип 1,7650,покупка,None,new
15.04.2022,Продукт 4,Тип 1,12240,покупка,Блогер,new
15.04.2022,Продукт 5,Тип 7,5040,в подарок,None,new
15.04.2022,Продукт 81,Тип 2,472,покупка,Ютуб,old
15.04.2022,Продукт 81,Тип 2,2100,покупка,Лидген,old
15.04.2022,Продукт 6,Тип 2,1890,покупка,Блогер,new
15.04.2022,Продукт 42,Тип 4,465,покупка,Ютуб,new
15.04.2022,Продукт 7,Тип 3,4800,в подарок,None,new
15.04.2022,Продукт 7,Тип 3,4800,в подарок,None,old
15.04.2022,Продукт 8,Тип 3,8300,в подарок,None,new
15.04.2022,Продукт 9,Тип 3,1500,в подарок,None,new
15.04.2022,Продукт 9,Тип 3,10800,в подарок,None,old
15.04.2022,Продукт 11,Тип 2,13300,покупка,None,new
15.04.2022,Продукт 11,Тип 2,2800,покупка,None,old
15.04.2022,Продукт 11,Тип 2,472,покупка,Ютуб,old
15.04.2022,Продукт 43,Тип 4,390,покупка,Блогер,new
15.04.2022,Продукт 62,Тип 4,825,покупка,Ютуб,new
15.04.2022,Продукт 62,Тип 4,1100,покупка,Лидген,old
15.04.2022,Продукт 12,Тип 1,8160,покупка,None,old
15.04.2022,Продукт 12,Тип 1,39780,покупка,Ютуб,new
15.04.2022,Продукт 12,Тип 1,9945,покупка,Ютуб,old
15.04.2022,Продукт 12,Тип 1,9945,покупка,Телеграм,new
15.04.2022,Продукт 12,Тип 1,3315,покупка,Телеграм,old
15.04.2022,Продукт 47,Тип 7,2450,в подарок,None,new
15.04.2022,Продукт 47,Тип 7,3920,покупка,None,old
15.04.2022,Продукт 58,Тип 5,7500,покупка,None,old
15.04.2022,Продукт 16,Тип 2,2480,покупка,None,new
15.04.2022,Продукт 16,Тип 2,14880,покупка,None,old
15.04.2022,Продукт 16,Тип 2,332,покупка,Ютуб,old
15.04.2022,Продукт 63,Тип 1,3120,покупка,None,new
15.04.2022,Продукт 17,Тип 2,1550,в подарок,None,new
15.04.2022,Продукт 17,Тип 2,1860,покупка,None,new
15.04.2022,Продукт 17,Тип 2,7440,покупка,None,old
15.04.2022,Продукт 17,Тип 2,2790,покупка,Блогер,new
15.04.2022,Продукт 17,Тип 2,1860,покупка,Блогер,old
15.04.2022,Продукт 50,Тип 4,930,в подарок,None,new
15.04.2022,Продукт 50,Тип 4,620,покупка,Лидген,old
15.04.2022,Продукт 50,Тип 4,465,покупка,Телеграм,new
15.04.2022,Продукт 76,Тип 1,1950,покупка,None,new
15.04.2022,Продукт 18,Тип 1,4080,в подарок,None,new
15.04.2022,Продукт 18,Тип 1,4080,покупка,None,new
15.04.2022,Продукт 18,Тип 1,3060,покупка,Блогер,new
15.04.2022,Продукт 18,Тип 1,1032,покупка,Ютуб,old
15.04.2022,Продукт 19,Тип 4,3500,покупка,None,old
15.04.2022,Продукт 20,Тип 1,7920,покупка,None,new
15.04.2022,Продукт 79,Тип 2,2480,в подарок,None,old
15.04.2022,Продукт 79,Тип 2,2480,покупка,None,old
15.04.2022,Продукт 79,Тип 2,2015,покупка,Телеграм,old
15.04.2022,Продукт 22,Тип 1,2550,в подарок,None,new
15.04.2022,Продукт 22,Тип 1,3570,покупка,None,old
15.04.2022,Продукт 22,Тип 1,1785,покупка,Телеграм,new
15.04.2022,Продукт 23,Тип 1,8610,в подарок,None,new
15.04.2022,Продукт 23,Тип 1,3690,покупка,Блогер,new
15.04.2022,Продукт 23,Тип 1,3552,покупка,Ютуб,old
15.04.2022,Продукт 27,Тип 4,310,покупка,Блогер,new
15.04.2022,Продукт 71,Тип 4,2480,покупка,None,new
15.04.2022,Продукт 51,Тип 4,465,покупка,Ютуб,new
15.04.2022,Продукт 52,Тип 4,585,покупка,Ютуб,new
15.04.2022,Продукт 28,Тип 5,4080,покупка,None,old
15.04.2022,Продукт 54,Тип 2,14450,покупка,None,old
15.04.2022,Продукт 54,Тип 2,3465,покупка,Телеграм,new
15.04.2022,Продукт 30,Тип 4,4030,покупка,Блогер,new
15.04.2022,Продукт 30,Тип 4,1240,покупка,Блогер,old
15.04.2022,Продукт 30,Тип 4,620,покупка,Лидген,old
15.04.2022,Продукт 60,Тип 2,1550,покупка,Блогер,new
15.04.2022,Продукт 31,Тип 1,5250,покупка,None,old
15.04.2022,Продукт 70,Тип 6,10500,покупка,None,new
15.04.2022,Продукт 33,Тип 2,2800,покупка,None,old
15.04.2022,Продукт 33,Тип 2,1225,покупка,Телеграм,new
15.04.2022,Продукт 34,Тип 2,3440,покупка,None,new
15.04.2022,Продукт 34,Тип 2,37410,покупка,None,old
15.04.2022,Продукт 34,Тип 2,6020,покупка,Блогер,new
15.04.2022,Продукт 34,Тип 2,2795,покупка,Ютуб,new
15.04.2022,Продукт 35,Тип 2,3150,покупка,Блогер,new
15.04.2022,Продукт 56,Тип 4,765,покупка,Ютуб,new
15.04.2022,Продукт 37,Тип 4,465,покупка,Телеграм,new
15.04.2022,Продукт 39,Тип 5,3850,покупка,Блогер,new
16.04.2022,Продукт 1,Тип 1,3466,покупка,None,old
16.04.2022,Продукт 4,Тип 1,580,покупка,None,old
16.04.2022,Продукт 4,Тип 1,9180,покупка,Блогер,new
16.04.2022,Продукт 41,Тип 4,585,покупка,Ютуб,old
16.04.2022,Продукт 5,Тип 7,5040,покупка,None,old
16.04.2022,Продукт 5,Тип 7,4095,покупка,Ютуб,old
16.04.2022,Продукт 5,Тип 7,4095,покупка,Телеграм,old
16.04.2022,Продукт 81,Тип 2,1750,покупка,None,old
16.04.2022,Продукт 6,Тип 2,4586,покупка,None,old
16.04.2022,Продукт 42,Тип 4,465,покупка,Ютуб,old
16.04.2022,Продукт 7,Тип 3,2400,в подарок,None,new
16.04.2022,Продукт 7,Тип 3,4800,в подарок,None,old
16.04.2022,Продукт 8,Тип 3,7000,в подарок,None,new
16.04.2022,Продукт 9,Тип 3,6000,в подарок,None,new
16.04.2022,Продукт 10,Тип 4,1225,покупка,Ютуб,old
16.04.2022,Продукт 11,Тип 2,2100,покупка,None,new
16.04.2022,Продукт 11,Тип 2,2800,покупка,None,old
16.04.2022,Продукт 11,Тип 2,1225,покупка,Телеграм,new
16.04.2022,Продукт 43,Тип 4,450,покупка,None,new
16.04.2022,Продукт 12,Тип 1,2550,покупка,None,old
16.04.2022,Продукт 12,Тип 1,6630,покупка,Ютуб,new
16.04.2022,Продукт 12,Тип 1,3315,покупка,Ютуб,old
16.04.2022,Продукт 12,Тип 1,6630,покупка,Телеграм,new
16.04.2022,Продукт 47,Тип 7,2450,покупка,None,old
16.04.2022,Продукт 47,Тип 7,1715,покупка,Телеграм,new
16.04.2022,Продукт 47,Тип 7,3185,покупка,Телеграм,old
16.04.2022,Продукт 15,Тип 4,525,покупка,Ютуб,old
16.04.2022,Продукт 15,Тип 2,2800,в подарок,None,new
16.04.2022,Продукт 16,Тип 2,2015,в подарок,Ютуб,new
16.04.2022,Продукт 16,Тип 2,2480,покупка,None,new
16.04.2022,Продукт 16,Тип 2,12400,покупка,None,old
16.04.2022,Продукт 16,Тип 2,6045,покупка,Ютуб,new
16.04.2022,Продукт 16,Тип 2,11160,покупка,Ютуб,old
16.04.2022,Продукт 16,Тип 2,5115,покупка,Телеграм,new
16.04.2022,Продукт 16,Тип 2,6045,покупка,Телеграм,old
16.04.2022,Продукт 63,Тип 1,3120,покупка,None,old
16.04.2022,Продукт 64,Тип 4,930,покупка,None,old
16.04.2022,Продукт 17,Тип 2,2480,в подарок,None,new
16.04.2022,Продукт 17,Тип 2,2170,покупка,None,new
16.04.2022,Продукт 17,Тип 2,2480,покупка,None,old
16.04.2022,Продукт 17,Тип 2,4030,покупка,Ютуб,new
16.04.2022,Продукт 59,Тип 4,525,покупка,Телеграм,new
16.04.2022,Продукт 18,Тип 1,836,покупка,None,old
16.04.2022,Продукт 21,Тип 5,1550,покупка,None,old
16.04.2022,Продукт 23,Тип 1,7995,покупка,Телеграм,new
16.04.2022,Продукт 24,Тип 2,7920,в подарок,None,old
16.04.2022,Продукт 25,Тип 7,760,покупка,None,old
16.04.2022,Продукт 26,Тип 5,2550,покупка,None,old
16.04.2022,Продукт 26,Тип 5,3315,покупка,Телеграм,old
16.04.2022,Продукт 27,Тип 4,465,покупка,Ютуб,old
16.04.2022,Продукт 27,Тип 4,465,покупка,Телеграм,new
16.04.2022,Продукт 51,Тип 4,465,покупка,Ютуб,old
16.04.2022,Продукт 52,Тип 4,585,покупка,Ютуб,old
16.04.2022,Продукт 28,Тип 5,1020,покупка,None,old
16.04.2022,Продукт 53,Тип 1,5040,покупка,None,old
16.04.2022,Продукт 53,Тип 1,2520,покупка,Ютуб,old
16.04.2022,Продукт 54,Тип 2,5940,покупка,None,new
16.04.2022,Продукт 54,Тип 2,2290,покупка,None,old
16.04.2022,Продукт 30,Тип 4,3100,покупка,None,old
16.04.2022,Продукт 60,Тип 2,670,покупка,None,new
16.04.2022,Продукт 31,Тип 1,3750,покупка,None,old
16.04.2022,Продукт 68,Тип 4,875,покупка,Ютуб,old
16.04.2022,Продукт 33,Тип 2,5600,покупка,None,old
16.04.2022,Продукт 34,Тип 2,3440,покупка,None,new
16.04.2022,Продукт 34,Тип 2,10320,покупка,None,old
16.04.2022,Продукт 35,Тип 2,36,покупка,None,old
16.04.2022,Продукт 35,Тип 2,2100,покупка,Блогер,new
16.04.2022,Продукт 56,Тип 4,765,покупка,Ютуб,old
16.04.2022,Продукт 37,Тип 4,465,покупка,Ютуб,old
16.04.2022,Продукт 38,Тип 8,14300,покупка,None,old
16.04.2022,Продукт 39,Тип 5,1750,покупка,None,old
17.04.2022,Продукт 1,Тип 1,50,покупка,None,old
17.04.2022,Продукт 1,Тип 1,3315,покупка,Ютуб,old
17.04.2022,Продукт 74,Тип 4,1050,покупка,None,old
17.04.2022,Продукт 40,Тип 1,100,покупка,None,old
17.04.2022,Продукт 3,Тип 2,2550,покупка,None,old
17.04.2022,Продукт 5,Тип 7,3150,покупка,None,new
17.04.2022,Продукт 6,Тип 2,5040,покупка,None,new
17.04.2022,Продукт 6,Тип 2,50400,покупка,None,old
17.04.2022,Продукт 7,Тип 3,1600,в подарок,None,old
17.04.2022,Продукт 8,Тип 3,13600,в подарок,None,new
17.04.2022,Продукт 8,Тип 3,4800,в подарок,None,old
17.04.2022,Продукт 11,Тип 2,2800,покупка,None,new
17.04.2022,Продукт 12,Тип 1,10710,покупка,None,new
17.04.2022,Продукт 46,Тип 4,930,покупка,None,old
17.04.2022,Продукт 47,Тип 7,3920,покупка,None,old
17.04.2022,Продукт 47,Тип 7,3430,покупка,Реклама,new
17.04.2022,Продукт 14,Тип 4,990,покупка,None,old
17.04.2022,Продукт 15,Тип 4,2100,покупка,None,new
17.04.2022,Продукт 16,Тип 2,2480,покупка,None,new
17.04.2022,Продукт 16,Тип 2,6510,покупка,None,old
17.04.2022,Продукт 16,Тип 2,4030,покупка,Ютуб,new
17.04.2022,Продукт 16,Тип 2,6045,покупка,Ютуб,old
17.04.2022,Продукт 16,Тип 2,2015,покупка,Телеграм,new
17.04.2022,Продукт 63,Тип 1,3120,покупка,None,new
17.04.2022,Продукт 17,Тип 2,4090,покупка,None,old
17.04.2022,Продукт 17,Тип 2,2015,покупка,Ютуб,old
17.04.2022,Продукт 18,Тип 1,3315,покупка,Ютуб,new
17.04.2022,Продукт 20,Тип 1,7920,в подарок,None,new
17.04.2022,Продукт 21,Тип 5,2170,покупка,None,new
17.04.2022,Продукт 21,Тип 5,265,покупка,Телеграм,old
17.04.2022,Продукт 22,Тип 1,4080,покупка,None,old
17.04.2022,Продукт 22,Тип 1,3315,покупка,Ютуб,new
17.04.2022,Продукт 22,Тип 1,3060,покупка,Лидген,old
17.04.2022,Продукт 25,Тип 7,3600,покупка,None,new
17.04.2022,Продукт 25,Тип 7,3600,покупка,None,old
17.04.2022,Продукт 25,Тип 7,8640,покупка,Блогер,new
17.04.2022,Продукт 28,Тип 5,3570,покупка,None,new
17.04.2022,Продукт 53,Тип 1,5040,покупка,None,new
17.04.2022,Продукт 53,Тип 1,3600,покупка,None,old
17.04.2022,Продукт 30,Тип 4,1920,покупка,None,old
17.04.2022,Продукт 31,Тип 1,8250,покупка,None,new
17.04.2022,Продукт 33,Тип 2,1850,покупка,None,old
17.04.2022,Продукт 34,Тип 2,3440,в подарок,None,new
17.04.2022,Продукт 34,Тип 2,5590,покупка,None,new
17.04.2022,Продукт 34,Тип 2,8170,покупка,None,old
17.04.2022,Продукт 34,Тип 2,25155,покупка,Ютуб,new
17.04.2022,Продукт 34,Тип 2,13975,покупка,Ютуб,old
17.04.2022,Продукт 34,Тип 2,8385,покупка,Телеграм,new
17.04.2022,Продукт 34,Тип 2,9430,покупка,Телеграм,old
17.04.2022,Продукт 35,Тип 2,4900,покупка,None,new
17.04.2022,Продукт 35,Тип 2,2100,покупка,Блогер,new
17.04.2022,Продукт 73,Тип 2,3920,покупка,None,old
17.04.2022,Продукт 39,Тип 5,2275,покупка,Телеграм,old
18.04.2022,Продукт 80,Тип 4,3920,покупка,None,old
18.04.2022,Продукт 77,Тип 2,2170,покупка,None,old
18.04.2022,Продукт 40,Тип 1,300,покупка,None,old
18.04.2022,Продукт 4,Тип 1,4080,покупка,None,new
18.04.2022,Продукт 4,Тип 1,2550,покупка,None,old
18.04.2022,Продукт 5,Тип 7,3150,покупка,None,new
18.04.2022,Продукт 5,Тип 7,3150,покупка,None,old
18.04.2022,Продукт 57,Тип 4,1470,покупка,None,old
18.04.2022,Продукт 81,Тип 2,1750,покупка,None,old
18.04.2022,Продукт 6,Тип 2,5040,в подарок,None,old
18.04.2022,Продукт 6,Тип 2,3150,покупка,None,new
18.04.2022,Продукт 6,Тип 2,41230,покупка,None,old
18.04.2022,Продукт 42,Тип 4,310,покупка,None,old
18.04.2022,Продукт 7,Тип 3,3900,в подарок,None,new
18.04.2022,Продукт 7,Тип 3,9600,в подарок,None,old
18.04.2022,Продукт 8,Тип 3,2800,в подарок,None,new
18.04.2022,Продукт 9,Тип 3,8000,в подарок,None,new
18.04.2022,Продукт 9,Тип 3,2275,в подарок,None,old
18.04.2022,Продукт 61,Тип 3,2275,в подарок,None,new
18.04.2022,Продукт 43,Тип 4,3120,покупка,None,new
18.04.2022,Продукт 62,Тип 4,4950,покупка,None,new
18.04.2022,Продукт 62,Тип 4,2750,покупка,None,old
18.04.2022,Продукт 12,Тип 1,6630,покупка,None,new
18.04.2022,Продукт 12,Тип 1,4080,покупка,None,old
18.04.2022,Продукт 47,Тип 7,2450,покупка,None,old
18.04.2022,Продукт 14,Тип 4,620,в подарок,None,old
18.04.2022,Продукт 14,Тип 4,1860,покупка,None,old
18.04.2022,Продукт 16,Тип 2,2480,в подарок,None,new
18.04.2022,Продукт 16,Тип 2,7440,в подарок,None,old
18.04.2022,Продукт 16,Тип 2,14880,покупка,None,new
18.04.2022,Продукт 16,Тип 2,54560,покупка,None,old
18.04.2022,Продукт 16,Тип 2,2015,покупка,Телеграм,new
18.04.2022,Продукт 16,Тип 2,2015,покупка,Телеграм,old
18.04.2022,Продукт 63,Тип 1,3120,покупка,None,old
18.04.2022,Продукт 64,Тип 4,930,покупка,None,old
18.04.2022,Продукт 17,Тип 2,2480,покупка,None,new
18.04.2022,Продукт 17,Тип 2,4030,покупка,Ютуб,old
18.04.2022,Продукт 50,Тип 4,310,в подарок,None,old
18.04.2022,Продукт 76,Тип 1,1950,покупка,None,old
18.04.2022,Продукт 18,Тип 1,3060,покупка,Блогер,new
18.04.2022,Продукт 19,Тип 4,750,покупка,None,old
18.04.2022,Продукт 21,Тип 5,1550,покупка,None,old
18.04.2022,Продукт 23,Тип 1,9840,покупка,None,old
18.04.2022,Продукт 52,Тип 4,1170,покупка,None,new
18.04.2022,Продукт 28,Тип 5,4080,покупка,None,old
18.04.2022,Продукт 28,Тип 5,3315,покупка,Телеграм,old
18.04.2022,Продукт 53,Тип 1,3600,покупка,None,old
18.04.2022,Продукт 54,Тип 2,15840,покупка,None,old
18.04.2022,Продукт 60,Тип 2,1550,покупка,None,old
18.04.2022,Продукт 31,Тип 1,18000,покупка,None,old
18.04.2022,Продукт 31,Тип 1,31500,покупка,Блогер,new
18.04.2022,Продукт 68,Тип 4,2000,покупка,None,old
18.04.2022,Продукт 33,Тип 2,5600,покупка,None,new
18.04.2022,Продукт 34,Тип 2,10320,покупка,None,new
18.04.2022,Продукт 34,Тип 2,12470,покупка,None,old
18.04.2022,Продукт 34,Тип 2,44720,покупка,Ютуб,new
18.04.2022,Продукт 34,Тип 2,19565,покупка,Ютуб,old
18.04.2022,Продукт 34,Тип 2,2795,покупка,Телеграм,new
18.04.2022,Продукт 34,Тип 2,2795,покупка,Телеграм,old
18.04.2022,Продукт 35,Тип 2,1750,покупка,None,old
18.04.2022,Продукт 35,Тип 2,2100,покупка,Блогер,new
18.04.2022,Продукт 78,Тип 2,3010,покупка,None,new
18.04.2022,Продукт 37,Тип 4,620,в подарок,None,old
18.04.2022,Продукт 37,Тип 4,930,покупка,None,old
19.04.2022,Продукт 80,Тип 4,2940,покупка,None,old
19.04.2022,Продукт 1,Тип 1,1080,покупка,None,old
19.04.2022,Продукт 1,Тип 1,3315,покупка,Ютуб,new
19.04.2022,Продукт 4,Тип 1,4080,в подарок,None,new
19.04.2022,Продукт 4,Тип 1,3315,покупка,Ютуб,new
19.04.2022,Продукт 6,Тип 2,5040,покупка,None,old
19.04.2022,Продукт 6,Тип 2,4095,покупка,Ютуб,new
19.04.2022,Продукт 6,Тип 2,3260,покупка,Лидген,old
19.04.2022,Продукт 6,Тип 2,4410,покупка,Реклама,old
19.04.2022,Продукт 7,Тип 3,10400,в подарок,None,old
19.04.2022,Продукт 8,Тип 3,2800,в подарок,None,new
19.04.2022,Продукт 9,Тип 3,4000,в подарок,None,new
19.04.2022,Продукт 9,Тип 3,6250,в подарок,None,old
19.04.2022,Продукт 61,Тип 3,14400,в подарок,None,new
19.04.2022,Продукт 62,Тип 4,2475,покупка,Ютуб,old
19.04.2022,Продукт 12,Тип 1,10710,покупка,None,new
19.04.2022,Продукт 14,Тип 4,1550,покупка,None,old
19.04.2022,Продукт 15,Тип 4,1750,покупка,None,old
19.04.2022,Продукт 16,Тип 2,9920,покупка,None,new
19.04.2022,Продукт 16,Тип 2,23460,покупка,None,old
19.04.2022,Продукт 50,Тип 4,1550,покупка,None,old
19.04.2022,Продукт 76,Тип 1,2535,покупка,Ютуб,new
19.04.2022,Продукт 18,Тип 1,3060,покупка,Блогер,new
19.04.2022,Продукт 22,Тип 1,4080,покупка,None,old
19.04.2022,Продукт 22,Тип 1,18360,покупка,Блогер,new
19.04.2022,Продукт 22,Тип 1,9945,покупка,Ютуб,new
19.04.2022,Продукт 23,Тип 1,9840,в подарок,None,new
19.04.2022,Продукт 23,Тип 1,9840,в подарок,None,old
19.04.2022,Продукт 26,Тип 5,6630,покупка,Ютуб,old
19.04.2022,Продукт 28,Тип 5,4080,покупка,None,new
19.04.2022,Продукт 53,Тип 1,5040,покупка,None,new
19.04.2022,Продукт 54,Тип 2,7920,покупка,None,old
19.04.2022,Продукт 54,Тип 2,6435,покупка,Ютуб,new
19.04.2022,Продукт 30,Тип 4,1860,покупка,None,old
19.04.2022,Продукт 30,Тип 4,1860,покупка,Блогер,new
19.04.2022,Продукт 60,Тип 2,2480,покупка,None,old
19.04.2022,Продукт 31,Тип 1,2790,покупка,None,old
19.04.2022,Продукт 31,Тип 1,36000,покупка,Блогер,new
19.04.2022,Продукт 31,Тип 1,9000,покупка,Блогер,old
19.04.2022,Продукт 32,Тип 6,18000,покупка,None,old
19.04.2022,Продукт 70,Тип 6,7700,покупка,None,old
19.04.2022,Продукт 33,Тип 2,2800,покупка,None,new
19.04.2022,Продукт 34,Тип 2,3440,покупка,None,old
19.04.2022,Продукт 34,Тип 2,5590,покупка,Ютуб,new
19.04.2022,Продукт 34,Тип 2,2795,покупка,Телеграм,new
19.04.2022,Продукт 35,Тип 2,1800,покупка,None,old
19.04.2022,Продукт 35,Тип 2,2275,покупка,Ютуб,new
19.04.2022,Продукт 37,Тип 4,1395,покупка,Ютуб,new
20.04.2022,Продукт 1,Тип 1,1530,покупка,Лидген,old
20.04.2022,Продукт 74,Тип 4,300,покупка,None,old
20.04.2022,Продукт 74,Тип 4,350,покупка,Лидген,old
20.04.2022,Продукт 40,Тип 1,1050,покупка,Лидген,old
20.04.2022,Продукт 4,Тип 1,884,покупка,None,old
20.04.2022,Продукт 4,Тип 1,9180,покупка,Блогер,new
20.04.2022,Продукт 5,Тип 7,3150,покупка,None,old
20.04.2022,Продукт 6,Тип 2,10080,покупка,None,old
20.04.2022,Продукт 42,Тип 4,2480,покупка,None,new
20.04.2022,Продукт 7,Тип 3,3600,в подарок,None,old
20.04.2022,Продукт 9,Тип 3,2800,в подарок,None,new
20.04.2022,Продукт 9,Тип 3,6000,в подарок,None,old
20.04.2022,Продукт 11,Тип 2,1750,покупка,None,old
20.04.2022,Продукт 45,Тип 1,1260,покупка,None,old
20.04.2022,Продукт 62,Тип 4,550,покупка,Лидген,old
20.04.2022,Продукт 12,Тип 1,2550,покупка,None,old
20.04.2022,Продукт 47,Тип 7,2450,покупка,None,old
20.04.2022,Продукт 55,Тип 2,2015,покупка,Телеграм,old
20.04.2022,Продукт 15,Тип 4,350,покупка,Лидген,old
20.04.2022,Продукт 16,Тип 2,2480,в подарок,None,old
20.04.2022,Продукт 16,Тип 2,2015,в подарок,Ютуб,new
20.04.2022,Продукт 16,Тип 2,12400,покупка,None,old
20.04.2022,Продукт 16,Тип 2,2015,покупка,Ютуб,old
20.04.2022,Продукт 16,Тип 2,930,покупка,Лидген,old
20.04.2022,Продукт 63,Тип 1,284,покупка,None,old
20.04.2022,Продукт 64,Тип 4,310,покупка,Лидген,old
20.04.2022,Продукт 17,Тип 2,2015,в подарок,Телеграм,old
20.04.2022,Продукт 17,Тип 2,480,покупка,None,old
20.04.2022,Продукт 17,Тип 2,2015,покупка,Ютуб,new
20.04.2022,Продукт 50,Тип 4,1395,в подарок,Ютуб,new
20.04.2022,Продукт 50,Тип 4,310,покупка,Лидген,old
20.04.2022,Продукт 76,Тип 1,1170,покупка,Лидген,old
20.04.2022,Продукт 79,Тип 2,930,покупка,Лидген,old
20.04.2022,Продукт 22,Тип 1,4080,покупка,None,new
20.04.2022,Продукт 22,Тип 1,3060,покупка,Блогер,new
20.04.2022,Продукт 49,Тип 2,13860,покупка,None,old
20.04.2022,Продукт 23,Тип 1,9840,в подарок,None,new
20.04.2022,Продукт 65,Тип 5,6860,покупка,None,old
20.04.2022,Продукт 27,Тип 4,1860,покупка,None,old
20.04.2022,Продукт 28,Тип 5,19380,покупка,None,new
20.04.2022,Продукт 28,Тип 5,6120,покупка,Блогер,new
20.04.2022,Продукт 53,Тип 1,2160,покупка,Лидген,old
20.04.2022,Продукт 54,Тип 2,7920,покупка,None,new
20.04.2022,Продукт 54,Тип 2,7920,покупка,None,old
20.04.2022,Продукт 54,Тип 2,6435,покупка,Ютуб,new
20.04.2022,Продукт 66,Тип 9,4500,покупка,Лидген,old
20.04.2022,Продукт 30,Тип 4,310,покупка,Лидген,old
20.04.2022,Продукт 31,Тип 1,4500,покупка,Блогер,new
20.04.2022,Продукт 31,Тип 1,4875,покупка,Ютуб,new
20.04.2022,Продукт 68,Тип 4,750,покупка,Лидген,old
20.04.2022,Продукт 32,Тип 6,12600,покупка,Телеграм,new
20.04.2022,Продукт 34,Тип 2,3440,покупка,None,new
20.04.2022,Продукт 35,Тип 2,2800,покупка,None,new
20.04.2022,Продукт 2,Тип 2,1550,покупка,None,old
20.04.2022,Продукт 73,Тип 2,784,покупка,None,old
20.04.2022,Продукт 37,Тип 4,310,покупка,Лидген,old
20.04.2022,Продукт 38,Тип 8,3300,покупка,Лидген,old
21.04.2022,Продукт 80,Тип 4,2450,покупка,None,old
21.04.2022,Продукт 74,Тип 4,700,покупка,Реклама,old
21.04.2022,Продукт 77,Тип 2,1860,покупка,None,old
21.04.2022,Продукт 40,Тип 1,2800,в подарок,None,new
21.04.2022,Продукт 40,Тип 1,2450,покупка,None,new
21.04.2022,Продукт 4,Тип 1,6120,покупка,Блогер,new
21.04.2022,Продукт 41,Тип 4,780,покупка,Реклама,old
21.04.2022,Продукт 5,Тип 7,5040,в подарок,None,new
21.04.2022,Продукт 5,Тип 7,3780,покупка,None,new
21.04.2022,Продукт 7,Тип 3,13600,в подарок,None,new
21.04.2022,Продукт 9,Тип 3,9200,в подарок,None,new
21.04.2022,Продукт 10,Тип 4,2800,покупка,None,old
21.04.2022,Продукт 43,Тип 4,1950,покупка,None,old
21.04.2022,Продукт 43,Тип 4,780,покупка,Реклама,old
21.04.2022,Продукт 45,Тип 1,720,покупка,None,old
21.04.2022,Продукт 62,Тип 4,2750,покупка,None,old
21.04.2022,Продукт 12,Тип 1,4080,покупка,None,new
21.04.2022,Продукт 12,Тип 1,4080,покупка,None,old
21.04.2022,Продукт 46,Тип 4,620,покупка,Реклама,old
21.04.2022,Продукт 47,Тип 7,2940,покупка,None,old
21.04.2022,Продукт 58,Тип 5,6000,покупка,Блогер,new
21.04.2022,Продукт 55,Тип 2,2480,в подарок,None,old
21.04.2022,Продукт 55,Тип 2,2480,покупка,None,new
21.04.2022,Продукт 14,Тип 4,1550,покупка,None,new
21.04.2022,Продукт 15,Тип 2,2800,покупка,None,new
21.04.2022,Продукт 16,Тип 2,10090,покупка,None,old
21.04.2022,Продукт 64,Тип 4,1860,покупка,None,old
21.04.2022,Продукт 17,Тип 2,4340,покупка,None,new
21.04.2022,Продукт 18,Тип 1,3060,в подарок,None,new
21.04.2022,Продукт 18,Тип 1,21420,покупка,Блогер,new
21.04.2022,Продукт 18,Тип 1,3060,покупка,Блогер,old
21.04.2022,Продукт 19,Тип 4,1000,покупка,None,old
21.04.2022,Продукт 79,Тип 2,2480,покупка,None,old
21.04.2022,Продукт 22,Тип 1,4080,покупка,None,old
21.04.2022,Продукт 22,Тип 1,3060,покупка,Блогер,new
21.04.2022,Продукт 22,Тип 1,6630,покупка,Ютуб,new
21.04.2022,Продукт 24,Тип 2,7920,покупка,None,new
21.04.2022,Продукт 26,Тип 5,3315,покупка,None,old
21.04.2022,Продукт 52,Тип 4,780,покупка,Реклама,old
21.04.2022,Продукт 28,Тип 5,3060,в подарок,Блогер,new
21.04.2022,Продукт 28,Тип 5,26520,покупка,None,new
21.04.2022,Продукт 28,Тип 5,4080,покупка,None,old
21.04.2022,Продукт 28,Тип 5,9180,покупка,Блогер,new
21.04.2022,Продукт 28,Тип 5,9945,покупка,Ютуб,new
21.04.2022,Продукт 54,Тип 2,7920,в подарок,None,new
21.04.2022,Продукт 66,Тип 9,12000,покупка,None,old
21.04.2022,Продукт 30,Тип 4,1550,покупка,None,new
21.04.2022,Продукт 31,Тип 1,4500,покупка,Лидген,old
21.04.2022,Продукт 32,Тип 6,25200,покупка,Ютуб,new
21.04.2022,Продукт 32,Тип 6,12600,покупка,Ютуб,old
21.04.2022,Продукт 69,Тип 6,17640,покупка,None,old
21.04.2022,Продукт 72,Тип 4,1860,покупка,Блогер,new
21.04.2022,Продукт 37,Тип 4,620,покупка,Реклама,old
22.04.2022,Продукт 1,Тип 1,4964,покупка,None,old
22.04.2022,Продукт 40,Тип 1,7000,покупка,None,old
22.04.2022,Продукт 3,Тип 2,1656,покупка,None,old
22.04.2022,Продукт 4,Тип 1,3570,покупка,None,new
22.04.2022,Продукт 4,Тип 1,3060,покупка,Блогер,new
22.04.2022,Продукт 4,Тип 1,1785,покупка,Ютуб,new
22.04.2022,Продукт 81,Тип 2,2275,покупка,Ютуб,old
22.04.2022,Продукт 6,Тип 2,955,покупка,None,old
22.04.2022,Продукт 6,Тип 2,4095,покупка,Ютуб,old
22.04.2022,Продукт 42,Тип 4,310,покупка,Лидген,old
22.04.2022,Продукт 7,Тип 3,6400,в подарок,None,new
22.04.2022,Продукт 7,Тип 3,2400,в подарок,None,old
22.04.2022,Продукт 8,Тип 3,2400,в подарок,None,new
22.04.2022,Продукт 9,Тип 3,7600,в подарок,None,new
22.04.2022,Продукт 61,Тип 3,2100,в подарок,None,old
22.04.2022,Продукт 10,Тип 4,2800,покупка,None,old
22.04.2022,Продукт 10,Тип 4,2275,покупка,Ютуб,old
22.04.2022,Продукт 43,Тип 4,1170,покупка,None,old
22.04.2022,Продукт 12,Тип 1,4105,покупка,None,old
22.04.2022,Продукт 12,Тип 1,315,покупка,Ютуб,old
22.04.2022,Продукт 58,Тип 5,6000,покупка,Блогер,old
22.04.2022,Продукт 55,Тип 2,3720,покупка,None,old
22.04.2022,Продукт 15,Тип 2,2884,покупка,None,old
22.04.2022,Продукт 16,Тип 2,2480,в подарок,None,old
22.04.2022,Продукт 16,Тип 2,27280,покупка,None,new
22.04.2022,Продукт 16,Тип 2,9610,покупка,None,old
22.04.2022,Продукт 63,Тип 1,2535,в подарок,Ютуб,new
22.04.2022,Продукт 63,Тип 1,284,покупка,None,old
22.04.2022,Продукт 63,Тип 1,1365,покупка,Ютуб,new
22.04.2022,Продукт 17,Тип 2,4030,покупка,None,old
22.04.2022,Продукт 17,Тип 2,3720,покупка,Блогер,new
22.04.2022,Продукт 17,Тип 2,930,покупка,Лидген,old
22.04.2022,Продукт 50,Тип 4,930,покупка,None,old
22.04.2022,Продукт 76,Тип 1,1365,покупка,Ютуб,new
22.04.2022,Продукт 18,Тип 1,3315,покупка,Ютуб,new
22.04.2022,Продукт 19,Тип 4,750,покупка,None,old
22.04.2022,Продукт 79,Тип 2,2790,покупка,None,old
22.04.2022,Продукт 22,Тип 1,3570,покупка,None,old
22.04.2022,Продукт 23,Тип 1,7380,покупка,None,old
22.04.2022,Продукт 23,Тип 1,12300,покупка,Блогер,new
22.04.2022,Продукт 23,Тип 1,12300,покупка,Блогер,old
22.04.2022,Продукт 24,Тип 2,7920,покупка,None,old
22.04.2022,Продукт 25,Тип 7,5040,покупка,Реклама,new
22.04.2022,Продукт 26,Тип 5,2550,покупка,None,old
22.04.2022,Продукт 27,Тип 4,1860,в подарок,None,new
22.04.2022,Продукт 27,Тип 4,930,покупка,None,old
22.04.2022,Продукт 27,Тип 4,1395,покупка,Ютуб,new
22.04.2022,Продукт 28,Тип 5,3315,в подарок,Ютуб,old
22.04.2022,Продукт 28,Тип 5,13260,покупка,None,new
22.04.2022,Продукт 28,Тип 5,2550,покупка,None,old
22.04.2022,Продукт 28,Тип 5,6120,покупка,Блогер,new
22.04.2022,Продукт 28,Тип 5,9945,покупка,Ютуб,new
22.04.2022,Продукт 28,Тип 5,16575,покупка,Ютуб,old
22.04.2022,Продукт 28,Тип 5,3315,покупка,Телеграм,new
22.04.2022,Продукт 28,Тип 5,6630,покупка,Телеграм,old
22.04.2022,Продукт 53,Тип 1,5760,покупка,None,old
22.04.2022,Продукт 30,Тип 4,310,покупка,Лидген,old
22.04.2022,Продукт 31,Тип 1,7357,покупка,None,old
22.04.2022,Продукт 68,Тип 4,1000,покупка,None,old
22.04.2022,Продукт 32,Тип 6,12600,покупка,Телеграм,old
22.04.2022,Продукт 70,Тип 6,14700,в подарок,None,new
22.04.2022,Продукт 34,Тип 2,6880,покупка,None,new
22.04.2022,Продукт 34,Тип 2,1720,покупка,None,old
22.04.2022,Продукт 35,Тип 2,1750,покупка,None,old
22.04.2022,Продукт 72,Тип 4,2480,покупка,None,new
22.04.2022,Продукт 56,Тип 4,765,покупка,Ютуб,new
22.04.2022,Продукт 73,Тип 2,3920,покупка,None,old
22.04.2022,Продукт 37,Тип 4,1480,покупка,None,old
22.04.2022,Продукт 37,Тип 4,465,покупка,Ютуб,new
22.04.2022,Продукт 37,Тип 4,310,покупка,Лидген,old
22.04.2022,Продукт 38,Тип 8,3300,покупка,Лидген,old
22.04.2022,Продукт 39,Тип 5,1750,покупка,None,old
22.04.2022,Продукт 39,Тип 5,2450,покупка,Реклама,old
23.04.2022,Продукт 74,Тип 4,1750,покупка,None,old
23.04.2022,Продукт 74,Тип 4,350,покупка,Блогер,old
23.04.2022,Продукт 77,Тип 2,687,покупка,None,old
23.04.2022,Продукт 40,Тип 1,2450,покупка,None,old
23.04.2022,Продукт 3,Тип 2,2787,покупка,None,old
23.04.2022,Продукт 41,Тип 4,1477,покупка,None,old
23.04.2022,Продукт 5,Тип 7,2520,покупка,Реклама,new
23.04.2022,Продукт 5,Тип 7,4410,покупка,Реклама,old
23.04.2022,Продукт 57,Тип 4,4527,покупка,None,old
23.04.2022,Продукт 81,Тип 2,1750,покупка,None,old
23.04.2022,Продукт 6,Тип 2,5040,в подарок,None,old
23.04.2022,Продукт 6,Тип 2,5527,покупка,None,old
23.04.2022,Продукт 6,Тип 2,1890,покупка,Блогер,old
23.04.2022,Продукт 42,Тип 4,67,покупка,None,old
23.04.2022,Продукт 7,Тип 3,1200,в подарок,None,new
23.04.2022,Продукт 8,Тип 3,11200,в подарок,None,new
23.04.2022,Продукт 9,Тип 3,6000,в подарок,None,old
23.04.2022,Продукт 61,Тип 3,4000,в подарок,None,new
23.04.2022,Продукт 10,Тип 4,2450,покупка,None,old
23.04.2022,Продукт 12,Тип 1,1080,покупка,None,new
23.04.2022,Продукт 12,Тип 1,2317,покупка,None,old
23.04.2022,Продукт 12,Тип 1,3315,покупка,Ютуб,new
23.04.2022,Продукт 12,Тип 1,6630,покупка,Ютуб,old
23.04.2022,Продукт 12,Тип 1,2040,покупка,Реклама,new
23.04.2022,Продукт 12,Тип 1,3315,покупка,Телеграм,new
23.04.2022,Продукт 12,Тип 1,3315,покупка,Телеграм,old
23.04.2022,Продукт 47,Тип 7,5880,покупка,None,old
23.04.2022,Продукт 14,Тип 4,1860,в подарок,None,old
23.04.2022,Продукт 16,Тип 2,2015,в подарок,Ютуб,new
23.04.2022,Продукт 16,Тип 2,19840,покупка,None,new
23.04.2022,Продукт 16,Тип 2,3167,покупка,None,old
23.04.2022,Продукт 16,Тип 2,4030,покупка,Ютуб,new
23.04.2022,Продукт 50,Тип 4,67,покупка,None,old
23.04.2022,Продукт 59,Тип 4,5250,покупка,None,new
23.04.2022,Продукт 18,Тип 1,4080,покупка,None,new
23.04.2022,Продукт 21,Тип 5,2480,покупка,None,new
23.04.2022,Продукт 21,Тип 5,3720,покупка,None,old
23.04.2022,Продукт 23,Тип 1,7995,покупка,Ютуб,old
23.04.2022,Продукт 23,Тип 1,4920,покупка,Реклама,new
23.04.2022,Продукт 24,Тип 2,3960,покупка,Реклама,new
23.04.2022,Продукт 25,Тип 7,5760,покупка,None,new
23.04.2022,Продукт 25,Тип 7,9720,покупка,None,old
23.04.2022,Продукт 25,Тип 7,4320,покупка,Блогер,new
23.04.2022,Продукт 25,Тип 7,2820,покупка,Блогер,old
23.04.2022,Продукт 27,Тип 4,2480,покупка,None,old
23.04.2022,Продукт 27,Тип 4,620,покупка,Реклама,new
23.04.2022,Продукт 51,Тип 4,67,покупка,None,old
23.04.2022,Продукт 52,Тип 4,1477,покупка,None,old
23.04.2022,Продукт 28,Тип 5,4080,покупка,None,new
23.04.2022,Продукт 28,Тип 5,3060,покупка,None,old
23.04.2022,Продукт 28,Тип 5,6630,покупка,Ютуб,old
23.04.2022,Продукт 28,Тип 5,48960,покупка,None,old
23.04.2022,Продукт 53,Тип 1,5760,покупка,None,new
23.04.2022,Продукт 54,Тип 2,2970,покупка,Блогер,old
23.04.2022,Продукт 66,Тип 9,9000,покупка,None,new
23.04.2022,Продукт 60,Тип 2,1950,покупка,None,old
23.04.2022,Продукт 31,Тип 1,4500,покупка,None,new
23.04.2022,Продукт 31,Тип 1,4750,покупка,None,old
23.04.2022,Продукт 31,Тип 1,45000,покупка,Блогер,new
23.04.2022,Продукт 31,Тип 1,2250,покупка,Блогер,old
23.04.2022,Продукт 32,Тип 6,10800,покупка,None,new
23.04.2022,Продукт 34,Тип 2,1720,покупка,Реклама,new
23.04.2022,Продукт 34,Тип 2,3010,покупка,Реклама,old
23.04.2022,Продукт 37,Тип 4,67,покупка,None,old
23.04.2022,Продукт 37,Тип 4,310,покупка,Блогер,old
24.04.2022,Продукт 1,Тип 1,697,покупка,Лидген,old
24.04.2022,Продукт 77,Тип 2,97,покупка,Лидген,old
24.04.2022,Продукт 3,Тип 2,697,покупка,Лидген,old
24.04.2022,Продукт 4,Тип 1,3060,покупка,None,new
24.04.2022,Продукт 4,Тип 1,580,покупка,None,old
24.04.2022,Продукт 4,Тип 1,3060,покупка,Блогер,new
24.04.2022,Продукт 41,Тип 4,2340,покупка,None,old
24.04.2022,Продукт 57,Тип 4,2940,покупка,Блогер,new
24.04.2022,Продукт 9,Тип 3,2800,в подарок,None,new
24.04.2022,Продукт 62,Тип 4,440,покупка,Лидген,old
24.04.2022,Продукт 12,Тип 1,3060,в подарок,None,new
24.04.2022,Продукт 12,Тип 1,4080,покупка,None,new
24.04.2022,Продукт 12,Тип 1,3315,покупка,Ютуб,new
24.04.2022,Продукт 46,Тип 4,1860,покупка,None,new
24.04.2022,Продукт 47,Тип 7,2940,покупка,Лидген,old
24.04.2022,Продукт 55,Тип 2,97,покупка,Лидген,old
24.04.2022,Продукт 16,Тип 2,2015,в подарок,Ютуб,old
24.04.2022,Продукт 16,Тип 2,9920,покупка,None,new
24.04.2022,Продукт 16,Тип 2,14880,покупка,None,old
24.04.2022,Продукт 16,Тип 2,6045,покупка,Ютуб,new
24.04.2022,Продукт 16,Тип 2,4030,покупка,Ютуб,old
24.04.2022,Продукт 16,Тип 2,4030,покупка,Телеграм,new
24.04.2022,Продукт 16,Тип 2,4030,покупка,Телеграм,old
24.04.2022,Продукт 63,Тип 1,2730,покупка,Реклама,new
24.04.2022,Продукт 17,Тип 2,1550,покупка,None,old
24.04.2022,Продукт 17,Тип 2,2015,покупка,Ютуб,new
24.04.2022,Продукт 50,Тип 4,90,покупка,None,old
24.04.2022,Продукт 18,Тип 1,4080,в подарок,None,new
24.04.2022,Продукт 19,Тип 4,750,покупка,None,old
24.04.2022,Продукт 21,Тип 5,1550,покупка,None,old
24.04.2022,Продукт 22,Тип 1,3060,покупка,Блогер,new
24.04.2022,Продукт 23,Тип 1,15990,покупка,Ютуб,new
24.04.2022,Продукт 23,Тип 1,7995,покупка,Телеграм,old
24.04.2022,Продукт 26,Тип 5,697,покупка,Лидген,old
24.04.2022,Продукт 28,Тип 5,3060,покупка,None,new
24.04.2022,Продукт 28,Тип 5,3315,покупка,Ютуб,new
24.04.2022,Продукт 28,Тип 5,4080,покупка,None,new
24.04.2022,Продукт 28,Тип 5,17960,покупка,None,old
24.04.2022,Продукт 66,Тип 9,9000,покупка,Блогер,new
24.04.2022,Продукт 31,Тип 1,49500,покупка,Блогер,new
24.04.2022,Продукт 31,Тип 1,9000,покупка,Блогер,old
24.04.2022,Продукт 32,Тип 6,18000,покупка,None,old
24.04.2022,Продукт 34,Тип 2,2150,покупка,None,old
24.04.2022,Продукт 34,Тип 2,2795,покупка,Ютуб,new
24.04.2022,Продукт 35,Тип 2,1750,покупка,None,old
24.04.2022,Продукт 73,Тип 2,637,покупка,Лидген,old
24.04.2022,Продукт 37,Тип 4,1860,покупка,None,new
25.04.2022,Продукт 1,Тип 1,8160,покупка,None,new
25.04.2022,Продукт 1,Тип 1,4630,покупка,None,old
25.04.2022,Продукт 3,Тип 2,4080,покупка,None,old
25.04.2022,Продукт 4,Тип 1,5610,покупка,None,old
25.04.2022,Продукт 5,Тип 7,5040,покупка,None,new
25.04.2022,Продукт 81,Тип 2,2450,покупка,Реклама,new
25.04.2022,Продукт 6,Тип 2,4410,покупка,None,new
25.04.2022,Продукт 7,Тип 3,8800,в подарок,None,new
25.04.2022,Продукт 8,Тип 3,2275,в подарок,None,new
25.04.2022,Продукт 61,Тип 3,7100,в подарок,None,old
25.04.2022,Продукт 10,Тип 4,1400,покупка,None,old
25.04.2022,Продукт 12,Тип 1,7650,покупка,None,new
25.04.2022,Продукт 12,Тип 1,4560,покупка,None,old
25.04.2022,Продукт 46,Тип 4,620,покупка,None,old
25.04.2022,Продукт 14,Тип 4,1860,покупка,Блогер,new
25.04.2022,Продукт 16,Тип 2,2480,в подарок,None,old
25.04.2022,Продукт 16,Тип 2,9920,покупка,None,new
25.04.2022,Продукт 16,Тип 2,14880,покупка,None,old
25.04.2022,Продукт 16,Тип 2,8060,покупка,Ютуб,new
25.04.2022,Продукт 16,Тип 2,8060,покупка,Ютуб,old
25.04.2022,Продукт 63,Тип 1,1950,покупка,None,old
25.04.2022,Продукт 17,Тип 2,2480,покупка,None,new
25.04.2022,Продукт 50,Тип 4,2480,покупка,None,new
25.04.2022,Продукт 50,Тип 4,2480,покупка,None,old
25.04.2022,Продукт 76,Тип 1,3510,покупка,None,old
25.04.2022,Продукт 18,Тип 1,3650,покупка,None,new
25.04.2022,Продукт 18,Тип 1,6120,покупка,Блогер,new
25.04.2022,Продукт 20,Тип 1,7920,покупка,None,new
25.04.2022,Продукт 20,Тип 1,7920,покупка,None,old
25.04.2022,Продукт 79,Тип 2,2480,покупка,None,new
25.04.2022,Продукт 22,Тип 1,3315,покупка,Ютуб,old
25.04.2022,Продукт 23,Тип 1,7995,в подарок,Телеграм,new
25.04.2022,Продукт 23,Тип 1,7995,покупка,Ютуб,new
25.04.2022,Продукт 23,Тип 1,7995,покупка,Ютуб,old
25.04.2022,Продукт 24,Тип 2,7920,покупка,None,new
25.04.2022,Продукт 24,Тип 2,2950,покупка,None,old
25.04.2022,Продукт 27,Тип 4,2480,покупка,None,new
25.04.2022,Продукт 27,Тип 4,6200,покупка,None,old
25.04.2022,Продукт 28,Тип 5,3060,в подарок,None,new
25.04.2022,Продукт 28,Тип 5,7140,покупка,None,new
25.04.2022,Продукт 28,Тип 5,7140,покупка,None,old
25.04.2022,Продукт 28,Тип 5,17360,покупка,None,old
25.04.2022,Продукт 53,Тип 1,6480,покупка,None,old
25.04.2022,Продукт 54,Тип 2,4950,покупка,None,old
25.04.2022,Продукт 60,Тип 2,1860,покупка,Блогер,old
25.04.2022,Продукт 31,Тип 1,5250,покупка,None,new
25.04.2022,Продукт 31,Тип 1,3000,покупка,None,old
25.04.2022,Продукт 31,Тип 1,36000,покупка,Блогер,new
25.04.2022,Продукт 32,Тип 6,18000,покупка,None,old
25.04.2022,Продукт 69,Тип 6,36000,покупка,None,old
25.04.2022,Продукт 35,Тип 2,2450,покупка,None,new
25.04.2022,Продукт 35,Тип 2,2275,покупка,Ютуб,old
25.04.2022,Продукт 39,Тип 5,2800,покупка,None,old
26.04.2022,Продукт 80,Тип 4,1960,покупка,None,old
26.04.2022,Продукт 1,Тип 1,550,покупка,None,old
26.04.2022,Продукт 74,Тип 4,2800,в подарок,None,new
26.04.2022,Продукт 74,Тип 4,2450,покупка,None,old
26.04.2022,Продукт 77,Тип 2,1860,покупка,None,old
26.04.2022,Продукт 40,Тип 1,2800,покупка,None,old
26.04.2022,Продукт 40,Тип 1,2275,покупка,Телеграм,old
26.04.2022,Продукт 4,Тип 1,3060,покупка,Блогер,new
26.04.2022,Продукт 4,Тип 1,3570,покупка,Реклама,new
26.04.2022,Продукт 41,Тип 4,1560,покупка,None,old
26.04.2022,Продукт 5,Тип 7,80,покупка,None,old
26.04.2022,Продукт 6,Тип 2,1560,покупка,Лидген,old
26.04.2022,Продукт 7,Тип 3,4200,в подарок,None,new
26.04.2022,Продукт 7,Тип 3,9600,в подарок,None,old
26.04.2022,Продукт 9,Тип 3,4800,в подарок,None,new
26.04.2022,Продукт 9,Тип 3,4800,в подарок,None,old
26.04.2022,Продукт 43,Тип 4,1560,покупка,Реклама,old
26.04.2022,Продукт 12,Тип 2,4080,покупка,None,new
26.04.2022,Продукт 12,Тип 1,5470,покупка,None,old
26.04.2022,Продукт 12,Тип 1,3060,покупка,Реклама,old
26.04.2022,Продукт 58,Тип 5,1500,покупка,Блогер,old
26.04.2022,Продукт 55,Тип 2,2480,покупка,None,old
26.04.2022,Продукт 15,Тип 2,2800,покупка,None,old
26.04.2022,Продукт 16,Тип 2,4340,покупка,None,new
26.04.2022,Продукт 16,Тип 2,16430,покупка,None,old
26.04.2022,Продукт 16,Тип 2,1860,покупка,Блогер,new
26.04.2022,Продукт 16,Тип 2,4030,покупка,Ютуб,new
26.04.2022,Продукт 16,Тип 2,2015,покупка,Ютуб,old
26.04.2022,Продукт 17,Тип 2,1860,покупка,None,old
26.04.2022,Продукт 50,Тип 4,930,покупка,Блогер,old
26.04.2022,Продукт 18,Тип 1,4080,покупка,None,old
26.04.2022,Продукт 18,Тип 1,2550,покупка,Блогер,old
26.04.2022,Продукт 20,Тип 1,7920,покупка,None,new
26.04.2022,Продукт 21,Тип 5,1860,покупка,None,old
26.04.2022,Продукт 22,Тип 1,3060,покупка,Блогер,new
26.04.2022,Продукт 23,Тип 1,28290,покупка,None,old
26.04.2022,Продукт 24,Тип 2,1920,покупка,None,old
26.04.2022,Продукт 25,Тип 7,1600,покупка,None,old
26.04.2022,Продукт 26,Тип 5,3060,покупка,Лидген,old
26.04.2022,Продукт 27,Тип 4,1860,покупка,None,new
26.04.2022,Продукт 28,Тип 5,7140,покупка,None,new
26.04.2022,Продукт 28,Тип 5,550,покупка,None,old
26.04.2022,Продукт 28,Тип 5,3315,покупка,Ютуб,new
26.04.2022,Продукт 28,Тип 5,3315,покупка,Ютуб,old
26.04.2022,Продукт 28,Тип 5,3315,покупка,Телеграм,old
26.04.2022,Продукт 28,Тип 5,9180,покупка,None,old
26.04.2022,Продукт 53,Тип 1,4760,покупка,None,old
26.04.2022,Продукт 53,Тип 1,4320,покупка,Реклама,old
26.04.2022,Продукт 54,Тип 2,6930,покупка,None,old
26.04.2022,Продукт 60,Тип 2,2480,покупка,None,new
26.04.2022,Продукт 60,Тип 2,2480,покупка,None,old
26.04.2022,Продукт 31,Тип 1,5840,покупка,None,old
26.04.2022,Продукт 31,Тип 1,4500,покупка,Блогер,new
26.04.2022,Продукт 31,Тип 1,4500,покупка,Блогер,old
26.04.2022,Продукт 32,Тип 6,18000,покупка,None,old
26.04.2022,Продукт 69,Тип 6,36000,покупка,None,old
26.04.2022,Продукт 70,Тип 6,14700,покупка,None,old
26.04.2022,Продукт 44,Тип 2,2170,покупка,None,old
27.04.2022,Продукт 80,Тип 4,2940,в подарок,None,new
27.04.2022,Продукт 77,Тип 2,2480,покупка,None,old
27.04.2022,Продукт 77,Тип 2,3720,покупка,Блогер,old
27.04.2022,Продукт 4,Тип 1,3060,покупка,Блогер,new
27.04.2022,Продукт 6,Тип 2,7560,покупка,None,old
27.04.2022,Продукт 7,Тип 3,2800,в подарок,None,new
27.04.2022,Продукт 7,Тип 3,980,в подарок,None,old
27.04.2022,Продукт 8,Тип 3,11600,в подарок,None,new
27.04.2022,Продукт 9,Тип 3,11575,в подарок,None,new
27.04.2022,Продукт 9,Тип 3,8000,в подарок,None,old
27.04.2022,Продукт 12,Тип 1,4080,покупка,None,new
27.04.2022,Продукт 47,Тип 7,3920,покупка,None,new
27.04.2022,Продукт 47,Тип 7,9555,покупка,Ютуб,old
27.04.2022,Продукт 14,Тип 4,2480,покупка,None,new
27.04.2022,Продукт 16,Тип 2,2480,в подарок,None,new
27.04.2022,Продукт 16,Тип 2,2480,покупка,None,new
27.04.2022,Продукт 16,Тип 2,2480,покупка,None,old
27.04.2022,Продукт 63,Тип 1,2340,покупка,None,new
27.04.2022,Продукт 64,Тип 4,1550,покупка,None,old
27.04.2022,Продукт 17,Тип 2,4340,покупка,None,new
27.04.2022,Продукт 59,Тип 4,2275,покупка,Телеграм,old
27.04.2022,Продукт 18,Тип 1,4080,в подарок,None,new
27.04.2022,Продукт 18,Тип 1,12240,покупка,Блогер,new
27.04.2022,Продукт 21,Тип 5,2480,в подарок,None,new
27.04.2022,Продукт 22,Тип 1,3060,покупка,Блогер,old
27.04.2022,Продукт 24,Тип 2,14850,покупка,None,new
27.04.2022,Продукт 25,Тип 7,5040,покупка,None,new
27.04.2022,Продукт 25,Тип 7,2260,покупка,None,old
27.04.2022,Продукт 28,Тип 5,3060,покупка,None,old
27.04.2022,Продукт 28,Тип 5,13260,покупка,Ютуб,new
27.04.2022,Продукт 28,Тип 5,3315,покупка,Телеграм,old
27.04.2022,Продукт 53,Тип 1,5760,покупка,None,new
27.04.2022,Продукт 60,Тип 2,2480,покупка,None,new
27.04.2022,Продукт 60,Тип 2,7440,покупка,None,old
27.04.2022,Продукт 31,Тип 1,5250,покупка,None,new
27.04.2022,Продукт 31,Тип 1,18000,покупка,Блогер,new
27.04.2022,Продукт 31,Тип 1,4500,покупка,Блогер,old
27.04.2022,Продукт 32,Тип 6,18000,покупка,None,new
27.04.2022,Продукт 32,Тип 6,18000,покупка,None,old
27.04.2022,Продукт 34,Тип 2,3010,покупка,None,old
27.04.2022,Продукт 35,Тип 2,2800,в подарок,None,old
27.04.2022,Продукт 56,Тип 4,585,покупка,Телеграм,old
27.04.2022,Продукт 73,Тип 2,3430,покупка,None,old
28.04.2022,Продукт 80,Тип 4,1470,покупка,None,old
28.04.2022,Продукт 1,Тип 1,4080,покупка,None,new
28.04.2022,Продукт 1,Тип 1,4080,покупка,None,old
28.04.2022,Продукт 1,Тип 1,3315,покупка,Ютуб,old
28.04.2022,Продукт 74,Тип 4,1050,покупка,None,old
28.04.2022,Продукт 74,Тип 4,350,покупка,Блогер,old
28.04.2022,Продукт 77,Тип 2,930,покупка,None,old
28.04.2022,Продукт 4,Тип 1,1020,покупка,None,new
28.04.2022,Продукт 4,Тип 1,6120,покупка,Блогер,new
28.04.2022,Продукт 42,Тип 4,930,покупка,None,old
28.04.2022,Продукт 7,Тип 3,6100,в подарок,None,new
28.04.2022,Продукт 7,Тип 3,6400,в подарок,None,old
28.04.2022,Продукт 61,Тип 3,4000,в подарок,None,new
28.04.2022,Продукт 10,Тип 4,1050,покупка,Блогер,old
28.04.2022,Продукт 12,Тип 1,6630,покупка,Закрытые чаты в ТГ,old
28.04.2022,Продукт 12,Тип 1,3315,покупка,Ютуб,new
28.04.2022,Продукт 12,Тип 1,9945,покупка,Ютуб,old
28.04.2022,Продукт 12,Тип 1,3315,покупка,Телеграм,old
28.04.2022,Продукт 46,Тип 4,310,покупка,Блогер,old
28.04.2022,Продукт 47,Тип 7,7840,покупка,None,old
28.04.2022,Продукт 47,Тип 7,12740,покупка,Ютуб,new
28.04.2022,Продукт 47,Тип 7,3185,покупка,Телеграм,new
28.04.2022,Продукт 13,Тип 2,2100,покупка,Блогер,new
28.04.2022,Продукт 14,Тип 4,2480,покупка,None,new
28.04.2022,Продукт 14,Тип 4,1395,покупка,Ютуб,old
28.04.2022,Продукт 15,Тип 2,700,покупка,None,new
28.04.2022,Продукт 16,Тип 2,2480,покупка,None,old
28.04.2022,Продукт 16,Тип 2,13020,покупка,Блогер,new
28.04.2022,Продукт 63,Тип 1,780,покупка,None,new
28.04.2022,Продукт 17,Тип 2,3100,покупка,None,new
28.04.2022,Продукт 50,Тип 4,310,покупка,Блогер,old
28.04.2022,Продукт 59,Тип 4,1050,покупка,None,old
28.04.2022,Продукт 18,Тип 1,5100,покупка,None,new
28.04.2022,Продукт 18,Тип 1,18360,покупка,Блогер,new
28.04.2022,Продукт 19,Тип 4,250,покупка,None,old
28.04.2022,Продукт 20,Тип 1,7920,покупка,None,new
28.04.2022,Продукт 79,Тип 2,930,покупка,Блогер,old
28.04.2022,Продукт 23,Тип 1,2460,покупка,None,new
28.04.2022,Продукт 24,Тип 2,6435,в подарок,Ютуб,old
28.04.2022,Продукт 24,Тип 2,4950,покупка,None,old
28.04.2022,Продукт 26,Тип 5,1530,покупка,None,old
28.04.2022,Продукт 27,Тип 4,1860,покупка,None,old
28.04.2022,Продукт 51,Тип 4,310,покупка,Блогер,old
28.04.2022,Продукт 52,Тип 4,390,покупка,Блогер,old
28.04.2022,Продукт 28,Тип 5,8160,покупка,None,new
28.04.2022,Продукт 28,Тип 5,3060,покупка,Блогер,new
28.04.2022,Продукт 28,Тип 5,9945,покупка,Ютуб,new
28.04.2022,Продукт 28,Тип 5,3315,покупка,Ютуб,old
28.04.2022,Продукт 28,Тип 5,3315,покупка,Телеграм,new
28.04.2022,Продукт 28,Тип 5,6630,покупка,Телеграм,old
28.04.2022,Продукт 53,Тип 1,5760,покупка,None,old
28.04.2022,Продукт 53,Тип 1,2320,покупка,Блогер,old
28.04.2022,Продукт 66,Тип 9,12000,покупка,None,old
28.04.2022,Продукт 30,Тип 4,310,покупка,None,old
28.04.2022,Продукт 60,Тип 2,4650,в подарок,None,old
28.04.2022,Продукт 60,Тип 2,4960,покупка,None,old
28.04.2022,Продукт 60,Тип 2,2015,покупка,Телеграм,old
28.04.2022,Продукт 31,Тип 1,4500,покупка,Блогер,new
28.04.2022,Продукт 31,Тип 1,9000,покупка,Блогер,old
28.04.2022,Продукт 68,Тип 4,750,покупка,Блогер,old
28.04.2022,Продукт 32,Тип 6,10800,покупка,Блогер,old
28.04.2022,Продукт 34,Тип 2,2580,покупка,Блогер,new
28.04.2022,Продукт 35,Тип 2,2450,в подарок,None,old
28.04.2022,Продукт 35,Тип 2,1050,покупка,None,old
28.04.2022,Продукт 56,Тип 4,510,покупка,Блогер,old
28.04.2022,Продукт 37,Тип 4,1860,в подарок,None,new
29.04.2022,Продукт 1,Тип 1,3060,в подарок,None,new
29.04.2022,Продукт 74,Тип 4,350,покупка,Блогер,old
29.04.2022,Продукт 77,Тип 2,4960,покупка,None,old
29.04.2022,Продукт 4,Тип 1,3060,в подарок,None,old
29.04.2022,Продукт 4,Тип 1,4080,покупка,None,new
29.04.2022,Продукт 4,Тип 1,3060,покупка,Блогер,new
29.04.2022,Продукт 5,Тип 7,1077,покупка,None,old
29.04.2022,Продукт 7,Тип 3,11200,в подарок,None,new
29.04.2022,Продукт 8,Тип 3,4800,в подарок,None,new
29.04.2022,Продукт 12,Тип 1,237,покупка,None,old
29.04.2022,Продукт 12,Тип 1,3315,покупка,Ютуб,new
29.04.2022,Продукт 12,Тип 1,6630,покупка,Ютуб,old
29.04.2022,Продукт 12,Тип 1,3315,покупка,Телеграм,new
29.04.2022,Продукт 12,Тип 1,6630,покупка,Телеграм,old
29.04.2022,Продукт 46,Тип 4,310,покупка,Блогер,old
29.04.2022,Продукт 47,Тип 7,3920,покупка,None,new
29.04.2022,Продукт 55,Тип 2,2480,покупка,None,new
29.04.2022,Продукт 16,Тип 2,2480,в подарок,None,new
29.04.2022,Продукт 16,Тип 2,3720,покупка,Блогер,new
29.04.2022,Продукт 18,Тип 1,4080,в подарок,None,old
29.04.2022,Продукт 18,Тип 1,21420,покупка,Блогер,new
29.04.2022,Продукт 18,Тип 1,3060,покупка,Блогер,old
29.04.2022,Продукт 18,Тип 1,3315,покупка,Ютуб,new
29.04.2022,Продукт 22,Тип 1,8160,покупка,None,new
29.04.2022,Продукт 22,Тип 1,4550,покупка,None,old
29.04.2022,Продукт 23,Тип 1,9840,покупка,None,new
29.04.2022,Продукт 23,Тип 1,6150,покупка,Блогер,new
29.04.2022,Продукт 25,Тип 7,760,покупка,None,old
29.04.2022,Продукт 25,Тип 7,8640,покупка,Блогер,new
29.04.2022,Продукт 51,Тип 4,310,покупка,Блогер,old
29.04.2022,Продукт 52,Тип 4,390,покупка,Блогер,old
29.04.2022,Продукт 28,Тип 5,3060,покупка,Блогер,new
29.04.2022,Продукт 28,Тип 5,3060,покупка,None,old
29.04.2022,Продукт 53,Тип 1,6520,покупка,None,old
29.04.2022,Продукт 60,Тип 2,2480,покупка,None,new
29.04.2022,Продукт 60,Тип 2,2170,покупка,None,old
29.04.2022,Продукт 31,Тип 1,4980,в подарок,None,old
29.04.2022,Продукт 31,Тип 1,4500,покупка,None,old
29.04.2022,Продукт 31,Тип 1,9750,покупка,Закрытые чаты в ТГ,old
29.04.2022,Продукт 32,Тип 6,7200,покупка,None,new
29.04.2022,Продукт 32,Тип 6,36000,покупка,None,old
29.04.2022,Продукт 32,Тип 6,12600,покупка,Ютуб,old
29.04.2022,Продукт 32,Тип 6,14400,покупка,Реклама,new
29.04.2022,Продукт 33,Тип 2,1050,покупка,Блогер,old
29.04.2022,Продукт 35,Тип 2,2100,покупка,None,old
29.04.2022,Продукт 35,Тип 2,9100,покупка,Ютуб,new
29.04.2022,Продукт 35,Тип 2,2275,покупка,Ютуб,old
29.04.2022,Продукт 44,Тип 2,9920,покупка,None,old
29.04.2022,Продукт 72,Тип 4,2480,покупка,None,new
30.04.2022,Продукт 80,Тип 4,420,покупка,None,old
30.04.2022,Продукт 1,Тип 1,3315,покупка,Ютуб,old
30.04.2022,Продукт 4,Тип 1,6630,покупка,None,new
30.04.2022,Продукт 4,Тип 1,3060,покупка,Блогер,new
30.04.2022,Продукт 57,Тип 4,2450,покупка,None,new
30.04.2022,Продукт 6,Тип 2,2205,покупка,Ютуб,old
30.04.2022,Продукт 7,Тип 3,8080,в подарок,None,new
30.04.2022,Продукт 9,Тип 3,7300,в подарок,None,new
30.04.2022,Продукт 61,Тип 3,5432,в подарок,None,new
30.04.2022,Продукт 12,Тип 1,2550,покупка,None,new
30.04.2022,Продукт 12,Тип 1,6630,покупка,Ютуб,new
30.04.2022,Продукт 46,Тип 4,1550,покупка,None,new
30.04.2022,Продукт 47,Тип 7,2940,покупка,Блогер,old
30.04.2022,Продукт 15,Тип 2,2100,покупка,None,new
30.04.2022,Продукт 67,Тип 2,37200,покупка,None,new
30.04.2022,Продукт 67,Тип 2,7440,покупка,None,old
30.04.2022,Продукт 16,Тип 2,1085,покупка,Ютуб,old
30.04.2022,Продукт 17,Тип 2,480,покупка,None,old
30.04.2022,Продукт 17,Тип 2,1860,покупка,Блогер,new
30.04.2022,Продукт 18,Тип 1,4080,покупка,None,old
30.04.2022,Продукт 18,Тип 1,9180,покупка,Блогер,new
30.04.2022,Продукт 21,Тип 5,1085,покупка,Ютуб,old
30.04.2022,Продукт 79,Тип 2,2480,в подарок,None,new
30.04.2022,Продукт 79,Тип 2,1015,покупка,Ютуб,new
30.04.2022,Продукт 24,Тип 2,6435,покупка,Ютуб,old
30.04.2022,Продукт 25,Тип 7,5760,покупка,None,new
30.04.2022,Продукт 25,Тип 7,4320,покупка,Блогер,new
30.04.2022,Продукт 26,Тип 5,4080,покупка,None,new
30.04.2022,Продукт 28,Тип 5,6120,покупка,Блогер,new
30.04.2022,Продукт 28,Тип 5,6630,покупка,Ютуб,new
30.04.2022,Продукт 28,Тип 5,3060,покупка,Лидген,new
30.04.2022,Продукт 53,Тип 1,5760,покупка,None,new
30.04.2022,Продукт 53,Тип 1,5760,покупка,None,old
30.04.2022,Продукт 60,Тип 2,2480,покупка,None,old
30.04.2022,Продукт 32,Тип 6,18000,в подарок,None,old
30.04.2022,Продукт 32,Тип 6,18000,покупка,None,new
30.04.2022,Продукт 32,Тип 6,36000,покупка,None,old
30.04.2022,Продукт 69,Тип 6,36000,покупка,None,new
30.04.2022,Продукт 70,Тип 6,14700,покупка,None,new
30.04.2022,Продукт 35,Тип 2,2275,в подарок,Ютуб,old
30.04.2022,Продукт 35,Тип 2,300,покупка,None,old
30.04.2022,Продукт 35,Тип 2,31850,покупка,Ютуб,new
30.04.2022,Продукт 35,Тип 2,12600,покупка,Ютуб,old
30.04.2022,Продукт 35,Тип 2,2275,покупка,Телеграм,old
30.04.2022,Продукт 44,Тип 2,2480,покупка,None,old
30.04.2022,Продукт 56,Тип 4,2550,покупка,None,new
30.04.2022,Продукт 39,Тип 5,1225,покупка,Ютуб,old